Site,Date,Honeydew,Honeydew notes,blacknymphs,rednymphs,adults,Notes
SLF Landfill North/Stream,7/12/2022,moderate,could see and feel raining down,0,262,0,"mostly on branches, very few on trunks"
SLF Landfill North/Stream,7/26/2022,moderate,"persistent wet spot under honeydew drip, ~80 cm diameter, no yeast, sweet smell detected",0,8,219,"recounted, realized a heavily infested tree was within plot"
SLF Landfill North/Stream,8/9/2022,severe,"yeast present, vinegar smell present",0,0,770,more uncounted
SLF Landfill North/Stream,8/25/2022,severe,,0,0,491,
SLF Landfill North/Stream,9/8/2022,severe,,0,0,369,fewer on lower ToH trunks than earlier weeks
SLF Landfill North/Stream,9/29/2022,severe,"heavy, but more dry than sticky",0,0,296,
SLF Landfill North/Stream,10/19/2022,moderate,dry,0,0,175,"some dead, stuck to tree as if alive"
SLF Landfill South/Cherry,7/12/2022,moderate,,9,283,0,very active/mobile
SLF Landfill South/Cherry,7/26/2022,moderate,nymphs and honeydew seen and felt falling respectively,6,105,8,most red nymphs on black walnut
SLF Landfill South/Cherry,8/9/2022,moderate,honeydew raining down,0,3,522,many more adults uncounted
SLF Landfill South/Cherry,8/25/2022,severe,"on edge of moderate-severe, relatively light coating of honeydew on foliage, but small yeast colonies at base of ToH, honeydew seen and felt, black mold ~30cm radius from tree trunks",0,0,334,
SLF Landfill South/Cherry,9/8/2022,n/a,,0,0,220,
SLF Landfill South/Cherry,9/29/2022,severe,heavy - dry,0,0,426,
SLF Landfill South/Cherry,10/19/2022,moderate,mostly dry,0,0,317,some likely dead
SLF Echo Lane,7/12/2022,none,,2,3,0,
SLF Echo Lane,7/26/2022,none,,0,0,2,
SLF Echo Lane,8/9/2022,moderate,"milder end of spectrum, honeydew seen falling",0,2,32,
SLF Echo Lane,8/25/2022,moderate,,0,0,124,"timer paused unexpectidely, 5 min is approx. +/- 1 min"
SLF Echo Lane,9/8/2022,severe,vinegar smell detected,0,0,226,
SLF Echo Lane,9/30/2022,severe,"dry, except for small wet patches",0,0,191,
SLF Echo Lane,10/19/2022,severe,mostly dry,0,0,122,some may be dead
SLF Artrip South,7/14/2022,moderate,,5,314,0,
SLF Artrip South,7/28/2022,moderate,"sweet, semi-vinegary smell present near heavily coated areas, honeydew seen and felt falling",1,119,45,
SLF Artrip South,8/12/2022,moderate,vinegar smell detected,0,3,458,100's more just outside of plot
SLF Artrip South,9/1/2022,severe,actual yeast colonies just outside of plot (within 1 m),0,1,244,>100's more just outside of plot at base of ToH
SLF Artrip South,9/13/2022,moderate,"thick black coating and wetness, but no yeast colonies",0,0,142,
SLF Artrip South,9/29/2022,severe,heavy - dry,0,0,123,
SLF Artrip South,10/19/2022,n/a,,,,,"dead cow in center of plot, only blue vane trap collected"
ToH Sleepy Creek South,7/13/2022,none,,0,2,0,unexpected! How did they get here?
ToH Sleepy Creek South,7/27/2022,none,,0,0,0,"1 exuvia seen, one 4th instar seen out of plot"
ToH Sleepy Creek South,8/11/2022,none,,0,0,1,2 more adults later seen on understory vegetation
ToH Sleepy Creek South,8/26/2022,none,,0,0,7,
ToH Sleepy Creek South,9/14/2022,none,,0,0,7,9+ adults just outside of plot
ToH Sleepy Creek South,9/28/2022,none,,0,0,18,6 more just outside plot
ToH Sleepy Creek South,10/20/2022,none,,0,0,13,
ToH Atwood Drive,7/14/2022,none,,0,0,0,
ToH Atwood Drive,7/27/2022,none,,0,0,2,
ToH Atwood Drive,8/12/2022,none,,0,0,0,
ToH Atwood Drive,8/26/2022,none,,0,0,3,
ToH Atwood Drive,9/13/2022,none,,0,0,0,
ToH Atwood Drive,9/28/2022,none,,0,0,7,
ToH Atwood Drive,10/20/2022,none,"maybe some faint spotting of honeydew on some leaves, but most vegetation already dropped",0,0,23,
ToH Shannondale Springs South,7/15/2022,none,,0,0,0,two 4th instars found on ToH nearby (~20m from plot)
ToH Shannondale Springs South,8/2/2022,none,,0,0,0,two adults later found during trunk survey
ToH Shannondale Springs South,8/12/2022,none,,0,0,1,
ToH Shannondale Springs South,8/31/2022,none,,0,0,1,
ToH Shannondale Springs South,9/13/2022,none,,0,0,1,
ToH Shannondale Springs South,9/30/2022,none,,0,0,1,
ToH Shannondale Springs South,10/21/2022,none,,0,0,1,"two dead in plot, 10+ live just outside plot on ToH"
ToH Yankauer,7/15/2022,none,,0,0,0,
ToH Yankauer,8/2/2022,none,,0,0,0,
ToH Yankauer,8/17/2022,none,,0,0,0,
ToH Yankauer,8/31/2022,none,,0,0,1,
ToH Yankauer,9/14/2022,none,,0,0,1,
ToH Yankauer,9/30/2022,mild,dried droplets visible on understory leaves (pawpaws),0,0,18,
ToH Yankauer,10/21/2022,none,very mild. Some minor stickiness visible on few remaining leaves,0,0,45,dramatic increase in adults across surrounding area and plot
Negative Sleepy Creek South,7/13/2022,none,,0,0,0,
Negative Sleepy Creek South,7/27/2022,none,,0,0,0,
Negative Sleepy Creek South,8/11/2022,none,,0,0,0,"counts not recorded, zero's assumed"
Negative Sleepy Creek South,8/26/2022,none,,0,0,0,
Negative Sleepy Creek South,9/14/2022,none,,0,0,0,
Negative Sleepy Creek South,9/28/2022,none,,0,0,0,
Negative Sleepy Creek South,10/20/2022,none,,0,0,0,
Negative Sleepy Creek North,7/13/2022,none,,0,0,0,one 4th instar observed 10m outside plot on small ToH sapling
Negative Sleepy Creek North,7/28/2022,none,,0,0,0,
Negative Sleepy Creek North,8/11/2022,none,,0,0,0,"remains of 1 adult seen, could be from site or possible brought in with gear"
Negative Sleepy Creek North,8/26/2022,none,,0,0,2,on wild grape
Negative Sleepy Creek North,9/14/2022,none,,0,0,3,all on wild grape
Negative Sleepy Creek North,9/28/2022,none,,0,0,2,
Negative Sleepy Creek North,10/20/2022,none,,0,0,0,
Negative NCTC,7/15/2022,none,,0,0,0,
Negative NCTC,8/3/2022,none,,0,0,0,
Negative NCTC,8/17/2022,none,,0,0,0,
Negative NCTC,8/31/2022,none,,0,0,0,
Negative NCTC,9/14/2022,none,,0,0,0,
Negative NCTC,9/30/2022,none,,0,0,0,
Negative NCTC,10/20/2022,none,,0,0,0,
Negative Shannondale Springs North,7/15/2022,none,,0,0,0,
Negative Shannondale Springs North,8/2/2022,none,,0,0,0,
Negative Shannondale Springs North,8/12/2022,none,,0,0,0,
Negative Shannondale Springs North,8/31/2022,none,,0,0,0,
Negative Shannondale Springs North,9/13/2022,none,,0,0,0,
Negative Shannondale Springs North,9/30/2022,none,,0,0,0,
Negative Shannondale Springs North,10/21/2022,none,,0,0,1,"on grapevine, no ToH in area, modestly swollen yellow abdomen, female, on skinnier side with some yellow showing"
