alphanumeric ID,Serial number ,Site,Collection Date,Sampling Method,Order,Taxa,Count,Taxa Level,Deterioration,,,,
TSCS_bv_hym_13Jul22,100.1,TSCS,07/13/22,blue vane,hymenoptera,chrysididae,1,family,intact,,,,
TSCS_bv_hym_13Jul22,100.2,TSCS,07/13/22,blue vane,hymenoptera,colletidae,3,family,intact,,,,
TSCS_bv_hym_13Jul22,100.3,TSCS,07/13/22,blue vane,hymenoptera,formicidae,7,family,intact,,,,
TSCS_bv_hym_13Jul22,100.4,TSCS,07/13/22,blue vane,hymenoptera,halictidae,1,family,intact,,,,
NSCS_sn_hym_13Jul22,101.1,NSCS,07/13/22,sweep net,hymenoptera,formicidae,8,family,intact,,,,
NSCS_sn_hym_13Jul22,101.2,NSCS,07/13/22,sweep net,hymenoptera,vespidae,1,family,intact,,,,
SELS_bv_hym_26Jul22,102.1,SELS,07/26/22,blue vane,hymenoptera,apidae,1,family,intact,,,,
SELS_bv_hym_26Jul22,102.2,SELS,07/26/22,blue vane,hymenoptera,halictidae,2,family,intact,,,,
SELS_bv_hym_30Sep22,103.1,SELS,09/30/22,blue vane,hymenoptera,vespidae,17,family,intact,,,,
SAS_bv_hym_29Sep22,104.1,SAS,09/29/22,blue vane,hymenoptera,formicidae,5,family,intact,,,,
SAS_bv_hym_29Sep22,104.2,SAS,09/29/22,blue vane,hymenoptera,halictidae,1,family,intact,,,,
SAS_bv_hym_29Sep22,104.3,SAS,09/29/22,blue vane,hymenoptera,vespidae,19,family,intact,,,,
NCTC_bv_hym_17Aug22,105.1,NCTC,08/17/22,blue vane,hymenoptera,formicidae,1,family,intact,,,,
NCTC_bv_hym_17Aug22,105.2,NCTC,08/17/22,blue vane,hymenoptera,pompilidae,1,family,deteriorating,,,,
TAD_bv_hym_26Aug22,106.1,TAD,08/26/22,blue vane,hymenoptera,halictidae,68,family,intact,,,,
TAD_bv_hym_26Aug22,106.2,TAD,08/26/22,blue vane,hymenoptera,formicidae,4,family,intact,,,,
TAD_bv_hym_26Aug22,106.3,TAD,08/26/22,blue vane,hymenoptera,vespidae,12,family,intact,,,,
TAD_bv_hym_26Aug22,106.4,TAD,08/26/22,blue vane,hymenoptera,pompilidae,1,family,intact,,,,
SLSC_sn_hym_25Aug22,107.1,SLSC,08/25/22,sweep net,hymenoptera,chrysididae,1,family,intact,,,,
SLSC_sn_hym_25Aug22,107.2,SLSC,08/25/22,sweep net,hymenoptera,formicidae,2,family,intact,,,,
SLSC_sn_hym_25Aug22,107.3,SLSC,08/25/22,sweep net,hymenoptera,bethylidae,1,family,intact,,,,
TY_bv_hym_30Sep22,108.1,TY,09/30/22,blue vane,hymenoptera,halictidae,1,family,intact,,,,
TSSS_sn_hym_30Sep22,109.1,TSSS,09/30/22,sweep net,hymenoptera,ichneumonidae,1,family,deteriorating,,,,
NCTC_bv_hym_31Aug22,110.1,NCTC,08/31/22,blue vane,hymenoptera,andrenidae,1,family,intact,,,,
NCTC_bv_hym_31Aug22,110.2,NCTC,08/31/22,blue vane,hymenoptera,formicidae,1,family,intact,,,,
TSSS_bv_hym_31Aug22,111.1,TSSS,08/31/22,blue vane,hymenoptera,halictidae,7,family,intact,,,,
TSSS_bv_hym_31Aug22,111.2,TSSS,08/31/22,blue vane,hymenoptera,andrenidae,2,family,intact,,,,
NSSN_bv_hym_13Sep22,112.1,NSSN,09/13/22,blue vane,hymenoptera,formicidae,1,family,intact,,,,
NCTC_bv_hym_30Sep22,113.1,NCTC,09/30/22,blue vane,hymenoptera,halictidae,1,family,deteriorating,,,,
TAD_bv_hym_13Sep22,114.1,TAD,09/13/22,blue vane,hymenoptera,vespidae,3,family,intact,,,,
TAD_bv_hym_13Sep22,114.2,TAD,09/13/22,blue vane,hymenoptera,chrysididae,1,family,intact,,,,
TAD_bv_hym_13Sep22,114.3,TAD,09/13/22,blue vane,hymenoptera,formicidae,1,family,intact,,,,
SAS_bv_hym_19Oct22,115.1,SAS,10/19/22,blue vane,hymenoptera,formicidae,2,family,intact,,,,
SAS_bv_hym_19Oct22,115.2,SAS,10/19/22,blue vane,hymenoptera,vespidae,2,family,intact,,,,
NSCS_bv_hym_20Oct22,116.1,NSCS,10/20/22,blue vane,hymenoptera,halictidae,1,family,intact,,,,
NSCS_bv_hym_20Oct22,116.2,NSCS,10/20/22,blue vane,hymenoptera,vespidae,1,family,intact,,,,
SAS_bv_hym_28Jul22,117.1,SAS,07/28/22,blue vane,hymenoptera,formicidae,3,family,intact,,,,
SAS_bv_hym_28Jul22,117.2,SAS,07/28/22,blue vane,coleoptera,NA,1,order,intact,,,,
NCTC_bv_hym_20Oct22,118.1,NCTC,10/20/22,blue vane,hymenoptera,halictidae,90,family,intact,,,,
NCTC_bv_hym_20Oct22,118.2,NCTC,10/20/22,blue vane,hymenoptera,vespidae,2,family,intact,,,,
NCTC_bv_hym_20Oct22,118.3,NCTC,10/20/22,blue vane,hymenoptera,formicidae,3,family,intact,,,,
NCTC_bv_hym_20Oct22,118.4,NCTC,10/20/22,blue vane,hymenoptera,ichneumonidae,1,family,intact,,,,
SLSC_bv_hym_19Oct22,119.1,SLSC,10/14/22,blue vane,hymenoptera,halictidae,3,family,intact,,,,
SLSC_bv_hym_19Oct22,119.2,SLSC,10/14/22,blue vane,hymenoptera,vespidae,5,family,intact,,,,
SLSC_bv_hym_19Oct22,119.3,SLSC,10/14/22,blue vane,hymenoptera,halictidae,1,family,intact,,,,
SELS_sn_hym_12Jul22,120.1,SELS,07/12/22,sweep net,hymenoptera,formicidae,73,family,intact,,,,
SELS_sn_hym_12Jul22,120.2,SELS,07/12/22,sweep net,hymenoptera,halictidae,5,family,intact,,,,
TAD_pf_hym_22Jul22,121.1,TAD,07/22/22,pitfall,hymenoptera,formicidae,29,family,intact,,,,
TAD_pf_hym_22Jul22,121.2,TAD,07/22/22,pitfall,hymenoptera,scelionidae,4,family,intact,,,,
NSCN_sn_hym_26Aug22,122.1,NSCN,08/26/22,sweep net,hymenoptera,formicidae,4,family,intact,,,,
SLNS_pf_hym_12Jul22,123.1,SLNS,07/12/22,pitfall,hymenoptera,formicidae,92,family,deteriorating,,,,
SLNS_pf_hym_12Jul22,123.2,SLNS,07/12/22,pitfall,hymenoptera,pompilidae,1,family,intact,,,,
SLNS_pf_hym_12Jul22,123.3,SLNS,07/12/22,pitfall,hymenoptera,bethylidae,2,family,intact,,,,
NSCN_sn_hym_20Oct22,124.1,NSCN,10/20/22,sweep net,hymenoptera,eulophidae,1,family,intact,,,,
SLSC_sn_hym_19Oct22,125.1,SLSC,10/19/22,sweep net,hymenoptera,encyrtidae,1,family,deteriorating,,,,
NCTC_sn_hym_31Aug22,126.1,NCTC,08/31/22,sweep net,hymenoptera,formicidae,1,family,intact,,,,
NCTC_sn_hym_31Aug22,126.2,NCTC,08/31/22,sweep net,hymenoptera,eulophidae,1,family,intact,,,,
NSSN_bv_hym_31Aug22,127.1,NSSN,08/31/22,blue vane,hymenoptera,vespidae,1,family,intact,,,,
NSSN_bv_hym_31Aug22,127.2,NSSN,08/31/22,blue vane,hymenoptera,colletidae,2,family,intact,,,,
NSSN_bv_hym_31Aug22,127.3,NSSN,08/31/22,blue vane,hymenoptera,formicidae,1,family,intact,,,,
NSSN_bv_hym_31Aug22,127.4,NSSN,08/31/22,blue vane,hymenoptera,halictidae,21,family,intact,,,,
SELS_sn_hym_26Jul22,128.1,SELS,07/26/22,sweep net,hymenoptera,formicidae,8,family,intact,,,,
NSSN_bv_hym_31Aug22,127.5,NSSN,08/31/22,blue vane,hymenoptera,halictidae,2,family,intact,,,,
SELS_sn_hym_26Jul22,128.2,SELS,07/26/22,sweep net,hymenoptera,ichneumonidae,1,family,intact,,,,
NCTC_bv_hym_30Sep22,113.2,NCTC,09/30/22,blue vane,hymenoptera,eupelmidae,1,family,deteriorating,,,,
TSCS_bv_hym_28Sep22,129.1,TSCS,09/28/22,blue vane,hymenoptera,chrysididae,1,family,intact,,,,
TSCS_bv_hym_28Sep22,129.2,TSCS,09/28/22,blue vane,hymenoptera,vespidae,5,family,intact,,,,
SELS_bv_hym_19Oct22,130.1,SELS,10/19/22,blue vane,hymenoptera,vespidae,1,family,intact,,,,
TAD_bv_hym_20Oct22,131.1,TAD,10/20/22,blue vane,hymenoptera,formicidae,4,family,intact,,,,
TSSS_bv_hym_15Jul22,132.1,TSSS,07/15/22,blue vane,hymenoptera,crabronidae,1,family,intact ,,,,
TY_bv_hym_2Aug22,133.1,TY,08/02/22,blue vane,hymenoptera,halictidae,1,family,intact,,,,
TY_bv_hym_2Aug22,133.2,TY,08/02/22,blue vane,hymenoptera,pompilidae,1,family,intact,,,,
NSSN_bv_hym_2Aug22,134.1,NSSN,08/02/22,blue vane,hymenoptera,crabronidae,1,family,intact,,,,
NSSN_bv_hym_12Aug22,135.1,NSSN,08/12/22,blue vane,hymenoptera,crabronidae,1,family,intact,,,,
NSSN_bv_hym_12Aug22,135.2,NSSN,08/12/22,blue vane,hymenoptera,andrenidae,3,family,deteriorating,,,,
NSSN_bv_hym_2Aug22,134.3,NSSN,08/02/22,blue vane,hymenoptera,andrenidae,3,family,intact,,,,
NSSN_bv_hym_2Aug22,134.2,NSSN,08/02/22,blue vane,hymenoptera,formicidae,1,family,intact,,,,
NCTC_sn_hym_21Aug22,136.1,NCTC,08/31/22,sweep net,hymenoptera,braconidae,1,family,intact,,,,
NCTC_sn_hym_21Aug22,136.2,NCTC,08/31/22,sweep net,hymenoptera,proctotrupidae,1,family,intact,,,,
TSCS_sn_hym_11Aug22,137.1,TSCS,08/11/22,sweep net,hymenoptera,braconidae,2,family,intact,,,,
TSCS_sn_hym_11Aug22,137.2,TSCS,08/11/22,sweep net,hymenoptera,formicidae,1,family,intact,,,,
TSCS_sn_hym_11Aug22,137.3,TSCS,08/11/22,sweep net,hymenoptera,eurytomidae,1,family,intact,,,,
SLSC_bv_hym_26Jul22,138.1,SLSC,07/26/22,blue vane,hymenoptera,formicidae,5,family,intact,,,,
SLSC_bv_hym_26Jul22,138.2,SLSC,07/26/22,blue vane,hymenoptera,chrysididae,2,family,intact,,,,
SLSC_bv_hym_26Jul22,138.3,SLSC,07/26/22,blue vane,hymenoptera,halictidae,2,family,intact,,,,
TSCS_bv_hym_15Jul22,139.1,TSCS,07/15/22,blue vane,hymenoptera,apidae,1,family,intact,,,,
TSCS_bv_hym_15Jul22,139.2,TSCS,07/15/22,blue vane,hymenoptera,formicidae,1,family,intact,,,,
TAD_sn_hym_28Sep22,140.1,TAD,09/28/22,sweep net,hymenoptera,formicidae,5,family,intact,,,,
SELS_bv_hym_12Jul22,141.1,SELS,07/12/22,blue vane,hymenoptera,halictidae,4,family,intact,,,,
TAD_sn_hym_28Sep22,140.2,TAD,09/28/22,sweep net,hymenoptera,eurytomidae,1,family,intact,,,,
SELS_bv_hym_12Jul22,141.2,SELS,07/12/22,blue vane,hymenoptera,formicidae,8,family,deteriorating,,,,
TAD_sn_hym_28Sep22,140.3,TAD,09/28/22,sweep net,hymenoptera,braconidae,1,family,intact,,,,
SELS_bv_hym_12Jul22,141.3,SELS,07/12/22,blue vane,diptera,NA,1,order,intact,,,,
SELS_bv_hym_12Jul22,141.4,SELS,07/12/22,blue vane,hymenoptera,pompilidae,2,family,intact,,,,
TSCS_bv_hym_7Jul22,142.1,TSCS,07/13/22,blue vane,hymenoptera,ichneumonidae,1,family,intact,,,,
TY_sn_hym_14Sep22,143.1,TY,09/14/22,sweep net,hymenoptera,formicidae,2,family,intact,,,,
TY_sn_hym_14Sep22,143.2,TY,09/14/22,sweep net,hymenoptera,vespidae,1,family,intact,,,,
NCTC_sn_hym_14Sep22,144.1,NCTC,09/14/22,sweep net,hymenoptera,formicidae,3,family,intact,,,,
NCTC_sn_hym_14Sep22,144.2,NCTC,09/14/22,sweep net,hymenoptera,braconidae,1,family,intact,,,,
NCTC_sn_hym_14Sep22,144.3,NCTC,09/14/22,sweep net,hymenoptera,torymidae,1,family,intact,,,,
NSSN_bv_hym_15July22,145.1,NSSN,07/15/22,blue vane,hymenoptera,formicidae,2,family,deteriorating,,,,
NCTC_sn_hym_14Sep22,144.4,NCTC,09/14/22,sweep net,hymenoptera,ceraphronidae,2,family,intact,,,,
NSSN_bv_hym_15July22,145.2,NSSN,07/15/22,blue vane,hymenoptera,halictidae,2,family,deteriorating,,,,
NCTC_sn_hym_14Sep22,144.5,NCTC,09/14/22,sweep net,hymenoptera,platygastridae,1,family,intact,,,,
NSSN_bv_hym_15July22,145.3,NSSN,07/15/22,blue vane,hymenoptera,halictidae,3,family,intact,,,,
NSSN_bv_hym_15July22,145.4,NSSN,07/15/22,blue vane,hymenoptera,colletidae,6,family,intact,,,,
NSSN_bv_hym_15July22,145.5,NSSN,07/15/22,blue vane,thysanoptera,NA,1,order,deteriorating,,,,
NSCN_sn_hym_28Sep22,146.1,NSCN,09/28/22,sweep net,hymenoptera,formicidae,1,family,intact,,,,
NCTC_sn_hym_14Sep22,144.6,NCTC,09/14/22,sweep net,coleoptera,NA,1,order,intact,,,,
NSCN_sn_hym_28Sep22,146.2,NSCN,09/28/22,sweep net,hymenoptera,braconidae,1,family,intact,,,,
NSCN_sn_hym_28Sep22,146.3,NSCN,09/28/22,sweep net,hymenoptera,eulophidae,1,family,intact,,,,
NSCN_sn_hym_28Sep22,146.4,NSCN,09/28/22,sweep net,hymenoptera,ceraphronidae,2,family,deteriorating,,,,
NCTC_bv_hym_20Oct22,118.5,NCTC,10/20/22,blue vane,hymenoptera,halictidae,44,family,intact,,,,
TAD_bv_hym_28Sep22,148.1,TAD,09/28/22,blue vane,hymenoptera,vespidae,19,family,intact,,,,
TAD_bv_hym_28Sep22,148.2,TAD,09/28/22,blue vane,hymenoptera,halictidae,8,family,intact,,,,
NCTC_bv_hym_14Sep22,149.1,NCTC,09/14/22,blue vane,hymenoptera,vespidae,2,family,intact,,,,
SLSC_bv_hym_26Jul22,150.1,SLSC,07/26/22,blue vane,hymenoptera,pompilidae,1,family,intact,,,,
NCTC_bv_hym_14Sep22,149.2,NCTC,09/14/22,blue vane,hymenoptera,sphecidae,1,family,intact,,,,
SLSC_bv_hym_26Jul22,150.2,SLSC,07/26/22,blue vane,hymenoptera,andrenidae,1,family,intact,,,,
NCTC_bv_hym_14Sep22,149.3,NCTC,09/14/22,blue vane,hymenoptera,formicidae,2,family,deteriorating,,,,
NCTC_bv_hym_14Sep22,149.4,NCTC,09/14/22,blue vane,hymenoptera,encyrtidae,2,family,deteriorating,,,,
SLSC_bv_hym_26Jul22,150.3,SLSC,07/26/22,blue vane,hymenoptera,encyrtidae,4,family,deteriorating,,,,
SLSC_bv_hym_26Jul22,150.4,SLSC,07/26/22,blue vane,thysanoptera,NA,2,order,intact,,,,
SLSC_bv_hym_26Jul22,150.5,SLSC,07/26/22,blue vane,NA,collembola ,1,class,intact,,,,
TAD_sn_hym_27Jul22,151.1,TAD,07/27/22,sweep net,hymenoptera,formicidae,1,family,intact,,,,
TSSS_bv_hym_15Jul22,132.2,TSSS,07/15/22,blue vane,hymenoptera,encyrtidae,1,family,intact,,,,
TAD_sn_hym_27Jul22,151.2,TAD,07/27/22,sweep net,hymenoptera,braconidae,8,family,intact,,,,
TSSS_sn_hym_15Jul22,152.1,TSSS,07/15/22,sweep net,hymenoptera,ichneumonidae,2,family,intact,,,,
TAD_sn_hym_27Jul22,151.3,TAD,07/27/22,sweep net,hymenoptera,ichneumonidae,1,family,intact,,,,
TAD_sn_hym_27Jul22,151.4,TAD,07/27/22,sweep net,hymenoptera,figitidae,1,family,deteriorating,,,,
TSSS_sn_hym_15Jul22,152.2,TSSS,07/15/22,sweep net,hymenoptera,braconidae,5,family,intact,,,,
TSSS_sn_hym_15Jul22,152.3,TSSS,07/15/22,sweep net,hymenoptera,formicidae,1,family,intact,,,,
TAD_sn_hym_27Jul22,151.5,TAD,07/27/22,sweep net,hymenoptera,ceraphronidae,2,family,intact,,,,
TSSS_sn_hym_15Jul22,152.4,TSSS,07/15/22,sweep net,hymenoptera,chrysolampidae,2,family,intact,,,,
TAD_sn_hym_27Jul22,151.7,TAD,07/27/22,sweep net,hymenoptera,mymaridae,1,family,intact,,,,
TAD_bv_hym_28Sep22,148.3,TAD,09/28/22,blue vane,hymenoptera,formicidae,2,family,intact,,,,
TSCS_pf_hym_13Jul22,153.1,TSCS,07/13/22,pitfall,hymenoptera,formicidae,28,family,deteriorating,,,,
SLSC_bv_hym_29Sep22,154.1,SLSC,09/29/22,blue vane,hymenoptera,vespidae,24,family,intact,,,,
SLSC_bv_hym_29Sep22,154.2,SLSC,09/29/22,blue vane,hymenoptera,pompilidae,1,family,intact,,,,
TSSS_sn_hym_15Jul22,152.5,TSSS,07/15/22,sweep net,hymenoptera,figitidae,1,family,intact,,,,
SLSC_bv_hym_29Sep22,154.3,SLSC,09/29/22,blue vane,diptera,NA,4,order,intact,,,,
TSSS_sn_hym_15Jul22,152.6,TSSS,07/15/22,sweep net,hymenoptera,diapriidae,2,family,intact,,,,
SLSC_bv_hym_29Sep22,154.4,SLSC,09/29/22,blue vane,hymenoptera,encyrtidae,1,family,intact,,,,
TSSS_sn_hym_15Jul22,152.7,TSSS,07/15/22,sweep net,hymenoptera,platygastridae,1,family,intact,,,,
TSSS_sn_hym_15Jul22,152.8,TSSS,07/15/22,sweep net,hymenoptera,ceraphronidae,1,family,intact,,,,
TSSS_sn_hym_15Jul22,152.9,TSSS,07/15/22,sweep net,hymenoptera,mymaridae,3,family,intact,,,,
TSCS_pf_hym_13Jul22,153.2,TSCS,07/13/22,pitfall,hymenoptera,platygastroidea,3,family,deteriorating,,,,
TY_sn_hym_14Sep22,143.3,TY,09/14/22,sweep net,hymenoptera,figitidae,1,family,intact,,,,
TSCS_pf_hym_13Jul22,153.3,TSCS,07/13/22,pitfall,hymenoptera,scelionidae,1,family,deteriorating,,,,
TY_sn_hym_14Sep22,143.4,TY,09/14/22,sweep net,hymenoptera,diapriidae,1,family,intact,,,,
TY_sn_hym_14Sep22,143.5,TY,09/14/22,sweep net,hymenoptera,platygastridae,1,family,deteriorating,,,,
TY_sn_hym_14Sep22,143.6,TY,09/14/22,sweep net,hymenoptera,ceraphronidae,1,family,intact,,,,
TSSS_bv_hym_13Sep22,155.1,TSSS,09/13/22,blue vane,hymenoptera,mymaridae,1,family,deteriorating,,,,
NSSN_pf_hym_15Jul22,156.1,NSSN,07/15/22,pitfall,hymenoptera,formicidae,80,family,deteriorating,,,,
NSSN_sn_hym_15Jul22,157.1,NSSN,07/15/22,sweep net,hymenoptera,formicidae,61,family,deteriorating,,,,
NSSN_pf_hym_15Jul22,156.2,NSSN,07/15/22,,ixodida,NA,1,order,deteriorating,,,,
NSSN_pf_hym_15Jul22,156.3,NSSN,07/15/22,pitfall,diptera,NA,1,order,intact,,,,
NSSN_sn_hym_15Jul22,157.2,NSSN,07/15/22,sweep net,hymenoptera,pteromalidae,5,family,intact,,,,
NSSN_sn_hym_15Jul22,157.3,NSSN,07/15/22,sweep net,hymenoptera,scelionidae,1,family,intact,,,,
NSSN_pf_hym_15Jul22,156.4,NSSN,07/15/22,pitfall,hymenoptera,scelionidae,16,family,intact,,,,
NSSN_pf_hym_15Jul22,156.5,NSSN,07/15/22,pitfall,hymenoptera,ceraphronidae,1,family,intact,,,,
NSSN_pf_hym_15Jul22,156.7,NSSN,07/15/22,pitfall,hymenoptera,diapriidae,4,family,intact,,,,
NSSN_pf_hym_15Jul22,156.6,NSSN,07/15/22,pitfall,hymenoptera,scelionidae,2,family,deteriorating,,,,
NSSN_sn_hym_15Jul22,157.4,NSSN,07/15/22,sweep net,hymenoptera,braconidae,22,family,intact,,,,
NSSN_sn_hym_15Jul22,157.5,NSSN,07/15/22,sweep net,hymenoptera,diapriidae,2,family,intact,,,,
NSSN_sn_hym_15Jul22,157.6,NSSN,07/15/22,sweep net,hymenoptera,figitidae,4,family,intact,,,,
SLSC_sn_hym_29Sep22,158.1,SLSC,09/29/22,sweep net,hymenoptera,pompilidae,1,family,intact,,,,
SLSC_sn_hym_29Sep22,158.2,SLSC,09/29/22,sweep net,hymenoptera,formicidae,1,family,intact,,,,
SLSC_sn_hym_29Sep22,158.3,SLSC,09/29/22,sweep net,hymenoptera,eupelmidae,1,family,deteriorating,,,,
NCTC_pf_hym_15Jul22,159.1,NCTC,07/15/22,pitfall,ixodida,NA,1,order,intact,,,,
NSSN_sn_hym_15Jul22,157.8,NSSN,07/15/22,sweep net,hymenoptera,platygastridae,14,family,intact,,,,
NCTC_pf_hym_15Jul22,159.2,NCTC,07/15/22,pitfall,NA,NA,1,NA,intact,,,,
NSSN_sn_hym_15Jul22,157.9,NSSN,07/15/22,sweep net,hymenoptera,encyrtidae,1,family,intact,,,,
NCTC_pf_hym_15Jul22,159.3,NCTC,07/15/22,pitfall,hymenoptera,formicidae,74,family,intact,,,,
NCTC_pf_hym_15Jul22,159.4,NCTC,07/15/22,pitfall,hymenoptera,vespidae,1,family,intact,,,,
SLNS_bv_hym_29Sep22,160.1,SLNS,09/29/22,blue vane,hymenoptera,halictidae,1,family,intact,,,,
SLNS_bv_hym_29Sep22,160.2,SLNS,09/29/22,blue vane,hymenoptera,encyrtidae,1,family,intact,,,,
NSCN_sn_hym_27Jul22,161.1,NSCN,07/27/22,sweep net,hymenoptera,halictidae,1,family,intact,,,,
NSCN_sn_hym_27Jul22,161.2,NSCN,07/27/22,sweep net,hymenoptera,formicidae,1,family,intact,,,,
SLNS_sn_hym_29Sep22,162.1,SLNS,09/29/22,sweep net,hymenoptera,formicidae,1,family,intact,,,,
SLNS_sn_hym_29Sep22,162.2,SLNS,09/29/22,sweep net,hymenoptera,encyrtidae,1,family,intact,,,,
SLNS_sn_hym_29Sep22,162.3,SLNS,09/29/22,sweep net,hymenoptera,aphelinidae,1,family,intact,,,,
SLNS_sn_hym_29Sep22,162.4,SLNS,09/29/22,sweep net,hymenoptera,pteromalidae,1,family,intact,,,,
SLNS_sn_hym_29Sep22,162.5,SLNS,09/29/22,sweep net,hymenoptera,bethylidae,1,family,intact,,,,
SLNS_sn_hym_29Sep22,162.6,SLNS,09/29/22,sweep net,hymenoptera,braconidae,2,family,intact,,,,
SAS_sn_hym_28Jul22,163.1,SAS,07/28/22,sweep net,hymenoptera,formicidae,10,family,intact,,,,
SAS_sn_hym_28Jul22,163.2,SAS,07/28/22,sweep net,hymenoptera,braconidae,4,family,intact,,,,
SAS_sn_hym_28Jul22,163.3,SAS,07/28/22,sweep net,hymenoptera,ceraphronidae,5,family,intact,,,,
SAS_sn_hym_28Jul22,163.4,SAS,07/28/22,sweep net,hymenoptera,eulophidae,4,family,intact,,,,
SAS_sn_hym_28Jul22,163.5,SAS,07/28/22,sweep net,hymenoptera,chrysolampidae,4,family,intact,,,,
SAS_sn_hym_28Jul22,163.6,SAS,07/28/22,sweep net,hymenoptera,heloridae,1,family,intact,,,,I think heloridae too because the antennae are small and do not seem to be on a shelf
NSCN_bv_hym_11Aug22,164.1,NSCN,08/11/22,blue vane,hymenoptera,halictidae,3,family,intact,,,,
SAS_sn_hym_28Jul22,163.7,SAS,07/28/22,sweep net,hymenoptera,eupelmidae,2,family,deteriorating,,,,
NSCN_bv_hym_11Aug22,164.2,NSCN,08/11/22,blue vane,hymenoptera,halictidae,3,family,intact,,,,
NSCN_bv_hym_11Aug22,164.3,NSCN,08/11/22,blue vane,hymenoptera,vespidae,1,family,intact,,,,
NSCN_bv_hym_11Aug22,164.4,NSCN,08/11/22,blue vane,hymenoptera,pompilidae,1,family,intact,,,,
NSCN_bv_hym_11Aug22,164.5,NSCN,08/11/22,blue vane,hymenoptera,encyrtidae,2,family,intact,,,,
SAS_sn_hym_28Jul22,163.8,SAS,07/28/22,sweep net,hymenoptera,mymaridae,1,family,deteriorating,,,,
NSCN_bv_hym_11Aug22,164.6,NSCN,08/11/22,blue vane,hymenoptera,formicidae,2,family,intact,,,,
NSCN_bv_hym_11Aug22,164.7,NSCN,08/11/22,blue vane,hymenoptera,scelionidae,6,family,intact,,,,
NSCN_bv_hym_11Aug22,164.8,NSCN,08/11/22,blue vane,hymenoptera,encyrtidae,5,family,intact,,,,
TAD_bv_hym_28Sep22,148.4,TAD,09/28/22,blue vane,hymenoptera,megaspilidae,1,family,intact,,,,
TAD_bv_hym_28Sep22,148.5,TAD,09/28/22,blue vane,hymenoptera,encyrtidae,1,family,intact,,,,
SELS_sn_hym_9Aug22,165.1,SELS,08/09/22,sweep net,hymenoptera,formicidae,17,family,deteriorating,,,,
SELS_sn_hym_9Aug22,165.2,SELS,08/09/22,sweep net,hymenoptera,platygastridae,1,family,intact,,,,
SELS_sn_hym_9Aug22,165.3,SELS,08/09/22,sweep net,hymenoptera,braconidae,1,family,intact,,,,
SELS_sn_hym_9Aug22,165.4,SELS,08/09/22,sweep net,hymenoptera,platygastridae,2,family,intact,,,,
SELS_sn_hym_9Aug22,165.5,SELS,08/09/22,sweep net,hymenoptera,ceraphronidae,3,family,intact,,,,
SELS_sn_hym_9Aug22,165.6,SELS,08/09/22,sweep net,hymenoptera,aphelinidae,1,family,intact,,,,
SLSC_sn_hym_26Jul22,166.1,SLSC,07/26/22,sweep net,hymenoptera,formicidae,5,family,intact,,,,
SLSC_sn_hym_26Jul22,166.2,SLSC,07/26/22,sweep net,hymenoptera,pteromalidae,1,family,intact,,,,
SLSC_sn_hym_26Jul22,166.3,SLSC,07/26/22,sweep net,hymenoptera,scelionidae ,5,family,intact,,,,
SLSC_sn_hym_26Jul22,166.4,SLSC,07/26/22,sweep net,hymenoptera,ichneumonidae,2,family,intact,,,,
SLSC_sn_hym_26Jul22,166.5,SLSC,07/26/22,sweep net,hymenoptera,platygastridae,2,family,intact,,,,
SLSC_bv_hym_12Jul22,167.1,SLSC,07/12/22,blue vane,hymenoptera,crabronidae,1,family,intact,,,,
SLSC_bv_hym_12Jul22,167.2,SLSC,07/12/22,blue vane,hymenoptera,formicidae,4,family,intact,,,,
SLSC_bv_hym_12Jul22,167.3,SLSC,07/12/22,blue vane,hymenoptera,halictidae,1,family,intact,,,,
SLSC_bv_hym_12Jul22,167.4,SLSC,07/12/22,blue vane,hymenoptera,encyrtidae,1,family,intact,,,,
SLSC_sn_hym_26Jul22,166.6,SLSC,07/26/22,sweep net,hymenoptera,braconidae,1,family,intact,,,,
SLSC_sn_hym_26Jul22,166.7,SLSC,07/26/22,sweep net,hymenoptera,proctotrupidae,1,family,intact,,,,
SAS_sn_hym_14Jul22,168.1,SAS,07/14/22,sweep net,hymenoptera,braconidae,11,family,intact,,,,
SAS_sn_hym_14Jul22,168.2,SAS,07/14/22,sweep net,hymenoptera,platygastridae,1,family,intact,,,,
SAS_sn_hym_14Jul22,168.3,SAS,07/14/22,sweep net,hymenoptera,eulophidae,3,family,intact,,,,
SAS_sn_hym_14Jul22,168.4,SAS,07/14/22,sweep net,hymenoptera,diapriidae,2,family,intact,,,,
SAS_sn_hym_14Jul22,168.5,SAS,07/14/22,sweep net,hymenoptera,eulophidae,3,family,deteriorating,,,,
SAS_sn_hym_14Jul22,168.6,SAS,07/14/22,sweep net,hymenoptera,figitidae,1,family,intact,,,,
SAS_sn_hym_14Jul22,168.7,SAS,07/14/22,sweep net,hymenoptera,scelionidae,1,family,intact,,,,
SAS_sn_hym_14Jul22,168.8,SAS,07/14/22,sweep net,hymenoptera,encyrtidae,2,family,intact,,,,
SAS_sn_hym_14Jul22,168.9,SAS,07/14/22,sweep net,hymenoptera,formicidae,4,family,deteriorating,,,,
SLSC_pf_hym_26Jul22,169.1,SLSC,07/26/22,pitfall,hymenoptera,formicidae,28,family,intact,,,,
SLSC_pf_hym_26Jul22,169.2,SLSC,07/26/22,pitfall,hymenoptera,scelionidae,9,family,intact,,,,
SLSC_pf_hym_26Jul22,169.3,SLSC,07/26/22,pitfall,hymenoptera,diapriidae,2,family,intact,,,,
SLSC_pf_hym_26Jul22,169.4,SLSC,07/26/22,pitfall,hymenoptera,ceraphronidae,2,family,intact,,,,
SLSC_pf_hym_26Jul22,169.5,SLSC,07/26/22,pitfall,hymenoptera,eurytomidae,1,family,intact,,,,
SLSC_pf_hym_26Jul22,169.6,SLSC,07/26/22,pitfall,hymenoptera,aphelinidae,1,family,intact,,,,
SLSC_pf_hym_26Jul22,169.7,SLSC,07/26/22,pitfall,hymenoptera,ichneumonidae,1,family,intact,,,,
SLSC_pf_hym_26Jul22,169.8,SLSC,07/26/22,pitfall,collembola,collembola,2,class,intact,,,,
SELS_sn_hym_26Jul22,128.3,SELS,07/26/22,sweep net,hymenoptera,braconidae,2,family,intact,,,,
SELS_sn_hym_26Jul22,128.4,SELS,07/26/22,sweep net,hymenoptera,platygastridae,1,family,intact,,,,
SELS_sn_hym_26Jul22,128.5,SELS,07/26/22,sweep net,hymenoptera,scelionidae,1,family,intact,,,,
SLNS_sn_hym_26Jul22,170.1,SLNS,07/26/22,sweep net,hymenoptera,vespidae,1,family,intact,,,,
SLNS_sn_hym_26Jul22,170.2,SLNS,07/26/22,sweep net,hymenoptera,braconidae,4,family,intact,,,,
SLNS_sn_hym_26Jul22,170.3,SLNS,07/26/22,sweep net,hymenoptera,proctotrupidae,1,family,intact,,,,
SLNS_sn_hym_26Jul22,170.4,SLNS,07/26/22,sweep net,hymenoptera,eulophidae,1,family,deteriorating,,,,
SLNS_sn_hym_26Jul22,170.5,SLNS,07/26/22,sweep net,hymenoptera,eulophidae,1,family,deteriorating,,,,
SLNS_sn_hym_26Jul22,170.6,SLNS,07/26/22,sweep net,hymenoptera,formicidae,1,family,intact,,,,
SLSC_bv_hym_9Aug22,171.1,SLSC,08/09/22,blue vane,hymenoptera,formicidae,1,family,intact,,,,
SLSC_bv_hym_9Aug22,171.2,SLSC,08/09/22,blue vane,hymenoptera,encyrtidae,10,family,intact,,,,
SLSC_bv_hym_9Aug22,171.3,SLSC,08/09/22,blue vane,hymenoptera,scelionidae,2,family,intact,,,,
SELS_bv_hym_9Aug22,172.1,SELS,08/09/22,blue vane,hymenoptera,pompilidae,1,family,intact,,,,
SELS_bv_hym_9Aug22,172.2,SELS,08/09/22,blue vane,hymenoptera,halictidae,1,family,intact,,,,
SELS_bv_hym_9Aug22,172.3,SELS,08/09/22,blue vane,hymenoptera,encyrtidae,5,family,intact,,,,
SELS_bv_hym_9Aug22,172.4,SELS,08/09/22,blue vane,hymenoptera,scelionidae,1,family,intact,,,,
TAD_sn_hym_26Aug22,173.1,TAD,08/26/22,sweep net,hymenoptera,formicidae,2,family,intact,,,,
TAD_sn_hym_26Aug22,173.2,TAD,08/26/22,sweep net,hymenoptera,diapriidae,1,family,intact,,,,
TAD_sn_hym_26Aug22,173.3,TAD,08/26/22,sweep net,hymenoptera,braconidae,3,family,intact,,,,
TAD_sn_hym_26Aug22,173.4,TAD,08/26/22,sweep net,hymenoptera,crabronidae,1,family,intact,,,,
TAD_sn_hym_26Aug22,173.5,TAD,08/26/22,sweep net,hymenoptera,eulophidae,1,family,intact,,,,
TAD_sn_hym_26Aug22,173.6,TAD,08/26/22,sweep net,hymenoptera,scelionidae,2,family,intact,,,,
SLNS_sn_hym_9Aug22,174.1,SLNS,08/09/22,sweep net,hymenoptera,pteromalidae,3,family,intact,,,,
SLNS_sn_hym_9Aug22,174.2,SLNS,08/09/22,sweep net,hymenoptera,braconidae,4,family,intact,,,,
SLNS_sn_hym_9Aug22,174.3,SLNS,08/09/22,sweep net,hymenoptera,encyrtidae,5,family,intact,,,,
SLNS_sn_hym_9Aug22,174.4,SLNS,08/09/22,sweep net,hymenoptera,crabronidae,1,family,intact,,,,
SLNS_sn_hym_9Aug22,174.5,SLNS,08/09/22,sweep net,hymenoptera,formicidae,5,family,intact,,,,
SLNS_sn_hym_9Aug22,174.6,SLNS,08/09/22,sweep net,hymenoptera,platygastridae,3,family,intact,,,,
SLNS_sn_hym_9Aug22,174.7,SLNS,08/09/22,sweep net,hymenoptera,diapriidae,1,family,intact,,,,
SLNS_sn_hym_9Aug22,174.8,SLNS,08/09/22,sweep net,hymenoptera,scelionidae,3,family,intact,,,,
SLNS_sn_hym_9Aug22,174.9,SLNS,08/09/22,sweep net,hymenoptera,ceraphronidae,3,family,intact,,,,
SLNS_sn_hym_9Aug22,174.10,SLNS,08/09/22,sweep net,hymenoptera,eulophidae,1,family,intact,,,,
SLNS_sn_hym_9Aug22,174.11,SLNS,08/09/22,sweep net,hymenoptera,eupelmidae,1,family,intact,,,,
SLNS_sn_hym_9Aug22,174.12,SLNS,08/09/22,sweep net,hymenoptera,figitidae,1,family,intact,,,,
NSCN_sn_hym_14Sep22,175.1,NSCN,09/14/22,sweep net,hymenoptera,figitidae,1,family,intact,,,,
NSCN_sn_hym_14Sep22,175.2,NSCN,09/14/22,sweep net,hymenoptera,platygastridae,1,family,intact,,,,
NSCS_sn_hym_11Aug22,176.1,NSCS,08/11/22,sweep net,hymenoptera,eupelmidae,4,family,intact,,,,
NSCS_sn_hym_11Aug22,176.2,NSCS,08/11/22,sweep net,hymenoptera,braconidae,1,family,intact,,,,
NSCS_sn_hym_11Aug22,176.3,NSCS,08/11/22,sweep net,hymenoptera,figitidae,1,family,intact,,,,
NSCS_sn_hym_11Aug22,176.4,NSCS,08/11/22,sweep net,hymenoptera,trichogrammatidae,1,family,deteriorating,,,,
NSCS_sn_hym_11Aug22,176.5,NSCS,08/11/22,sweep net,hymenoptera,formicidae,2,family,intact,,,,
NSCS_sn_hym_11Aug22,176.6,NSCS,08/11/22,sweep net,hymenoptera,dryinidae,1,family,intact,,,,
NSCS_sn_hym_11Aug22,176.7,NSCS,08/11/22,sweep net,hymenoptera,scelionidae,1,family,intact,,,,
NSCS_sn_hym_27Jul22,177.1,NSCS,07/27/22,sweep net,hymenoptera,diapriidae,1,family,deteriorating,,,,
NSCS_sn_hym_27Jul22,177.2,NSCS,07/27/22,sweep net,hymenoptera,ceraphronidae,1,family,intact,,,,
NSCS_sn_hym_27Jul22,177.3,NSCS,07/27/22,sweep net,hymenoptera,scelionidae,1,family,intact,,,,
NSCS_sn_hym_27Jul22,177.4,NSCS,07/27/22,sweep net,hymenoptera,platygastridae,1,family,intact,,,,
SLSC_sn_hym_12Jul22,178.1,SLSC,07/12/22,sweep net,hymenoptera,formicidae,10,family,intact,,,,
SLSC_sn_hym_12Jul22,178.2,SLSC,07/12/22,sweep net,hymenoptera,eulophidae,7,family,intact,,,,
SLSC_sn_hym_12Jul22,178.3,SLSC,07/12/22,sweep net,hymenoptera,eupelmidae,1,family,intact,,,,
SLSC_sn_hym_12Jul22,178.4,SLSC,07/12/22,sweep net,hymenoptera,braconidae,1,family,intact,,,,
SLSC_sn_hym_12Jul22,178.5,SLSC,07/12/22,sweep net,hymenoptera,braconidae,4,family,intact,,,,
SLSC_sn_hym_12Jul22,178.6,SLSC,07/12/22,sweep net,NA,NA,1,NA,deteriorating,,,,
SLSC_sn_hym_12Jul22,178.7,SLSC,07/12/22,sweep net,hymenoptera,scelionidae,5,family,intact,,,,
SLSC_sn_hym_12Jul22,178.8,SLSC,07/12/22,sweep net,hymenoptera,torymidae,1,family,intact,,,,
SLSC_sn_hym_12Jul22,178.9,SLSC,07/12/22,sweep net,hymenoptera,ceraphronidae,1,family,intact,,,,
SLSC_sn_hym_12Jul22,178.10,SLSC,07/12/22,sweep net,diptera,NA,1,order,intact,,,,
SLSC_sn_hym_12Jul22,178.11,SLSC,07/12/22,sweep net,hymenoptera,platygastridae,2,family,intact,,,,
SLSC_sn_hym_12Jul22,178.12,SLSC,07/12/22,sweep net,hymenoptera,encyrtidae,1,family,intact,,,,
SLSC_sn_hym_12Jul22,178.13,SLSC,07/12/22,sweep net,hymenoptera,pteromalidae,2,family,intact,,,,
SELS_sn_hym_25Aug22,179.1,SELS,08/25/22,sweep net,hymenoptera,formicidae,12,family,intact,,,,
SELS_sn_hym_25Aug22,179.2,SELS,08/25/22,sweep net,hymenoptera,diapriidae,1,family,intact,,,,
SELS_sn_hym_25Aug22,179.3,SELS,08/25/22,sweep net,hymenoptera,braconidae,2,family,intact,,,,
SELS_sn_hym_25Aug22,179.4,SELS,08/25/22,sweep net,hymenoptera,ceraphronidae,1,family,intact,,,,
SELS_sn_hym_25Aug22,179.5,SELS,08/25/22,sweep net,hymenoptera,eupelmidae,1,family,intact,,,,
SELS_sn_hym_25Aug22,179.6,SELS,08/25/22,sweep net,hymenoptera,scelionidae,2,family,intact,,,,
SELS_sn_hym_25Aug22,179.7,SELS,08/25/22,sweep net,hymenoptera,trichogrammatidae,1,family,deteriorating,,,,
SLSC_pf_hym_12Jul22,180.1,SLSC,07/17/22,pitfall,hymenoptera,formicidae,62,family,intact,,,,
SLSC_pf_hym_12Jul22,180.2,SLSC,07/17/22,pitfall,hymenoptera,braconidae,9,family,intact,,,,
SLSC_pf_hym_12Jul22,180.3,SLSC,07/17/22,pitfall,hymenoptera,ichneumonidae,1,family,intact,,,,
SLSC_pf_hym_12Jul22,180.4,SLSC,07/17/22,pitfall,hymenoptera,scelionidae,54,family,intact,,,,
SLSC_pf_hym_12Jul22,180.5,SLSC,07/17/22,pitfall,hymenoptera,diapriidae,7,family,intact,,,,
SLSC_pf_hym_12Jul22,180.6,SLSC,07/17/22,pitfall,hymenoptera,ceraphronidae,5,family,intact,,,,
SLSC_pf_hym_12Jul22,180.7,SLSC,07/17/22,pitfall,diptera,NA,2,order,deteriorating,,,,
SLSC_pf_hym_12Jul22,180.8,SLSC,07/17/22,pitfall,hymenoptera,eurytomidae,1,family,deteriorating,,,,
SLSC_pf_hym_12Jul22,180.9,SLSC,07/17/22,pitfall,collembola,collembola,1,class,intact,,,,
NSCS_sn_hym_26Aug22,181.1,NSCS,07/26/22,sweep net,hymenoptera,formicidae,2,family,intact,,,,
NSCS_sn_hym_26Aug22,181.2,NSCS,07/26/22,sweep net,hymenoptera,braconidae,1,family,intact,,,,
NSCS_sn_hym_26Aug22,181.3,NSCS,07/26/22,sweep net,hymenoptera,mymaridae,1,family,intact,,,,
NSCS_sn_hym_26Aug22,181.4,NSCS,07/26/22,sweep net,hymenoptera,eurytomidae,1,family,intact,,,,
NSCS_sn_hym_26Aug22,181.5,NSCS,07/26/22,sweep net,hymenoptera,eulophidae,2,family,intact,,,,
NSCS_sn_hym_26Aug22,181.6,NSCS,07/26/22,sweep net,hymenoptera,ceraphronidae,2,family,intact,,,,
NSCS_sn_hym_26Aug22,181.7,NSCS,07/26/22,sweep net,hymenoptera,figitidae,1,family,intact,,,,
NSCS_bv_hym_11Aug22,182.1,NSCS,08/11/22,blue vane,hymenoptera,halictidae,1,family,intact,,,,
NSCS_bv_hym_11Aug22,182.2,NSCS,08/11/22,blue vane,hymenoptera,halictidae,1,family,intact,,,,
SAS_sn_hym_1Sep22,183.1,SAS,09/01/22,sweep net,hymenoptera,vespidae,1,family,intact,,,,
SAS_sn_hym_1Sep22,183.2,SAS,09/01/22,sweep net,hymenoptera,apidae,1,family,intact,,,,
SAS_sn_hym_1Sep22,183.3,SAS,09/01/22,sweep net,hymenoptera,halictidae,1,family,intact,,,,
SAS_sn_hym_1Sep22,183.4,SAS,09/01/22,sweep net,hymenoptera,formicidae,4,family,intact,,,,
SAS_sn_hym_1Sep22,183.5,SAS,09/01/22,sweep net,hymenoptera,braconidae,4,family,intact,,,,
SAS_sn_hym_1Sep22,183.6,SAS,09/01/22,sweep net,hymenoptera,diapriidae,1,family,intact,,,,
SAS_sn_hym_1Sep22,183.7,SAS,09/01/22,sweep net,hymenoptera,figitidae,2,family,intact,,,,
SAS_sn_hym_1Sep22,183.8,SAS,09/01/22,sweep net,hymenoptera,eulophidae,1,family,intact,,,,
SAS_sn_hym_1Sep22,183.9,SAS,09/01/22,sweep net,hymenoptera,mymaridae,4,family,intact,,,,
SAS_sn_hym_1Sep22,183.10,SAS,09/01/22,sweep net,hymenoptera,scelionidae,1,family,intact,,,,
SAS_sn_hym_1Sep22,183.11,SAS,09/01/22,sweep net,hymenoptera,encyrtidae,2,family,intact,,,,
SAS_sn_hym_1Sep22,183.12,SAS,09/01/22,sweep net,hymenoptera,platygastridae,2,family,intact,,,,
SAS_sn_hym_1Sep22,183.13,SAS,09/01/22,sweep net,hemiptera,cicadellidae,1,family,intact,,,,
TSSS_sn_hym_12Aug22,184.1,TSSS,08/12/22,sweep net,hymenoptera,ichneumonidae,1,family,intact,,,,
TSSS_sn_hym_12Aug22,184.2,TSSS,08/12/22,sweep net,hymenoptera,formicidae,1,family,intact,,,,
TSSS_sn_hym_12Aug22,184.3,TSSS,08/12/22,sweep net,hymenoptera,pteromalidae,1,family,intact,,,,
TSSS_sn_hym_12Aug22,184.4,TSSS,08/12/22,sweep net,hymenoptera,mymaridae,2,family,intact,,,,
TSSS_sn_hym_12Aug22,184.5,TSSS,08/12/22,sweep net,diptera,NA,1,order,deteriorating,,,,
NSSN_sn_hym_31Aug22,185.1,NSSN,08/31/22,sweep net,hymenoptera,braconidae,1,family,intact,,,,
NSSN_sn_hym_31Aug22,185.2,NSSN,08/31/22,sweep net,hymenoptera,formicidae,6,family,intact,,,,
NSSN_sn_hym_31Aug22,185.3,NSSN,08/31/22,sweep net,hymenoptera,platygastridae,1,family,intact,,,,
NSSN_sn_hym_31Aug22,185.4,NSSN,08/31/22,sweep net,hymenoptera,pteromalidae,1,family,intact,,,,
SAS_pf_hym_28Jul22,186.1,SAS,07/28/22,pitfall,hymenoptera,formicidae,11,family,intact,,,,
SAS_pf_hym_28Jul22,186.2,SAS,07/28/22,pitfall,hymenoptera,diapriidae,5,family,intact,,,,
SAS_pf_hym_28Jul22,186.3,SAS,07/28/22,pitfall,hymenoptera,eupelmidae,1,family,intact,,,,
SAS_pf_hym_28Jul22,186.4,SAS,07/28/22,pitfall,hymenoptera,scelionidae,14,family,deteriorating,,,,
SAS_pf_hym_28Jul22,186.5,SAS,07/28/22,pitfall,NA,NA,1,NA,deteriorating,,,,
SAS_pf_hym_28Jul22,186.6,SAS,07/28/22,pitfall,hymenoptera,scelionidae,29,family,deteriorating,,,,
SAS_pf_hym_28Jul22,186.7,SAS,07/28/22,pitfall,hymenoptera,ceraphronidae,1,family,intact,,,,
TSSS_bv_hym_21Oct22,187.1,TSSS,10/21/22,blue vane,hymenoptera,vespidae,5,family,intact,,,,
TSSS_bv_hym_21Oct22,187.2,TSSS,10/21/22,blue vane,hymenoptera,apidae,2,family,intact,,,,
NCTC_bv_hym_14Sep22,149.5,NCTC,09/14/22,blue vane,hymenoptera,platygastridae,1,family,intact,,,,
TSSS_sn_hym_13Sep22,188.1,TSSS,09/13/22,sweep net,hymenoptera,braconidae,3,family,intact,,,,
TSSS_sn_hym_13Sep22,188.2,TSSS,09/13/22,sweep net,hymenoptera,figitidae,2,family,intact,,,,
TSSS_sn_hym_13Sep22,188.3,TSSS,09/13/22,sweep net,hymenoptera,diapriidae,2,family,intact,,,,
TSSS_sn_hym_13Sep22,188.4,TSSS,09/13/22,sweep net,hymenoptera,mymaridae,1,family,intact,,,,
TSSS_sn_hym_13Sep22,188.5,TSSS,09/13/22,sweep net,hymenoptera,eupelmidae,1,family,deteriorating,,,,
TSSS_sn_hym_13Sep22,188.6,TSSS,09/13/22,sweep net,hymenoptera,scelionidae,1,family,intact,,,,
TSSS_sn_hym_13Sep22,188.7,TSSS,09/13/22,sweep net,hymenoptera,eulophidae,3,family,intact,,,,
TSSS_sn_hym_13Sep22,188.8,TSSS,09/13/22,sweep net,hymenoptera,ceraphronidae,1,family,intact,,,,
TSSS_sn_hym_13Sep22,188.9,TSSS,09/13/22,sweep net,hymenoptera,aphelinidae,1,family,intact,,,,
NCTC_sn_hym_30Sep22,189.1,NCTC,09/30/22,sweep net,hymenoptera,formicidae,8,family,intact,,,,
NCTC_sn_hym_30Sep22,189.2,NCTC,09/30/22,sweep net,hymenoptera,figitidae,1,family,intact,,,,
NCTC_sn_hym_30Sep22,189.3,NCTC,09/30/22,sweep net,hymenoptera,eulophidae,1,family,intact,,,,
NCTC_sn_hym_30Sep22,189.4,NCTC,09/30/22,sweep net,hymenoptera,encyrtidae,2,family,intact,,,,
NCTC_sn_hym_30Sep22,189.5,NCTC,09/30/22,sweep net,hymenoptera,aphelinidae,1,family,intact,,,,
TY_sn_hym_21Oct22,190.1,TY,10/21/22,sweep net,hymenoptera,eulophidae,1,family,intact,,,,
TY_sn_hym_21Oct22,190.2,TY,10/21/22,sweep net,hymenoptera,figitidae,1,family,deteriorating,,,,
SELS_pf_hym_12Jul22,191.1,SELS,07/12/22,pitfall,hymenoptera,formicidae,97,family,deteriorating,,,,
SELS_pf_hym_12Jul22,191.2,SELS,07/12/22,pitfall,araneae,NA,1,order,intact,,,,
SELS_pf_hym_12Jul22,191.3,SELS,07/12/22,pitfall,ixodida,NA,3,order,intact,,,,
SELS_pf_hym_12Jul22,191.4,SELS,07/12/22,pitfall,diptera,NA,2,order,intact,,,,
SELS_pf_hym_12Jul22,191.5,SELS,07/12/22,pitfall,coleoptera,NA,4,order,deteriorating,,,,
SELS_pf_hym_12Jul22,191.6,SELS,07/12/22,pitfall,collembola ,collembola ,3,class,deteriorating,,,,
SELS_pf_hym_12Jul22,191.7,SELS,07/12/22,pitfall,hymenoptera,megaspilidae,1,family,intact,,,,
SELS_pf_hym_12Jul22,191.8,SELS,07/12/22,pitfall,hymenoptera,braconidae,1,family,deteriorating,,,,
SELS_pf_hym_12Jul22,191.9,SELS,07/12/22,pitfall,hymenoptera,diapriidae,1,family,intact,,,,
SELS_pf_hym_12Jul22,191.10,SELS,07/12/22,pitfall,hymenoptera,ceraphronidae,1,family,intact,,,,
TSCS_bv_hym_26Aug22,192.1,TSCS,08/26/22,blue vane,hymenoptera,andrenidae,4,family,intact,,,,
TSCS_bv_hym_26Aug22,192.2,TSCS,08/26/22,blue vane,diptera,NA,4,order,intact,,,,
TSCS_bv_hym_26Aug22,192.3,TSCS,08/26/22,blue vane,hymenoptera,halictidae,18,family,intact,,,,
TSCS_bv_hym_26Aug22,192.4,TSCS,08/26/22,blue vane,hymenoptera,apidae,9,family,intact,,,,
TSCS_bv_hym_26Aug22,192.5,TSCS,08/26/22,blue vane,hymenoptera,formicidae,2,family,deteriorating,,,,
SLNS_pf_hym_12Jul22,123.4,SLNS,07/12/22,pitfall,NA,NA,1,NA,deteriorating,,,,
TSCS_bv_hym_26Aug22,192.6,TSCS,08/26/22,blue vane,hymenoptera,pompilidae,2,family,intact,,,,
TSCS_bv_hym_26Aug22,192.7,TSCS,08/26/22,blue vane,araneae,NA,1,order,intact,,,,
TSCS_bv_hym_26Aug22,192.8,TSCS,08/26/22,blue vane,hymenoptera,encyrtidae,24,family,intact,,,,
TSCS_bv_hym_26Aug22,192.9,TSCS,08/26/22,blue vane,hymenoptera,bethylidae,1,family,intact,,,,
SLSC_sn_hym_9Aug22,193.1,SLSC,08/09/22,sweep net,hymenoptera,formicidae,1,family,intact,,,,
SLSC_sn_hym_9Aug22,193.2,SLSC,08/09/22,sweep net,hymenoptera,chalcididae,1,family,intact,,,,
SLSC_sn_hym_9Aug22,193.3,SLSC,08/09/22,sweep net,hymenoptera,platygastridae,3,family,intact,,,,
SLSC_sn_hym_9Aug22,193.4,SLSC,08/09/22,sweep net,hymenoptera,scelionidae,1,family,intact,,,,
SLSC_sn_hym_9Aug22,193.5,SLSC,08/09/22,sweep net,hymenoptera,ichneumonidae,1,family,intact,,,,
SLSC_sn_hym_9Aug22,193.6,SLSC,08/09/22,sweep net,hymenoptera,figitidae,1,family,intact,,,,
SLSC_sn_hym_9Aug22,193.7,SLSC,08/09/22,sweep net,hymenoptera,encyrtidae,1,family,intact,,,,
SLSC_sn_hym_9Aug22,193.8,SLSC,08/09/22,sweep net,hymenoptera,diapriidae,1,family,intact,,,,
SLSC_sn_hym_9Aug22,193.9,SLSC,08/09/22,sweep net,hymenoptera,ceraphronidae,1,family,intact,,,,
SLSC_sn_hym_9Aug22,193.10,SLSC,08/09/22,sweep net,hymenoptera,apidae,1,family,intact,,,,
SLSC_sn_hym_9Aug22,193.11,SLSC,08/09/22,sweep net,hymenoptera,halictidae,2,family,intact,,,,
NSSN_sn_hym_31Aug22,185.5,NSSN,08/31/22,sweep net,hymenoptera,eulophidae,2,family,intact,,,,
NSSN_sn_hym_31Aug22,185.6,NSSN,08/31/22,sweep net,hymenoptera,aphelinidae,1,family,intact,,,,
TAD_bv_hym_26Aug22,106.5,TAD,08/26/22,blue vane,hymenoptera,encyrtidae,22,family,intact,,,,
TAD_bv_hym_26Aug22,106.6,TAD,08/26/22,blue vane,diptera,NA,8,order,intact,,,,
TAD_bv_hym_26Aug22,106.7,TAD,08/26/22,blue vane,isopoda,NA,1,order,intact,,,,
TAD_bv_hym_26Aug22,106.8,TAD,08/26/22,blue vane,orthoptera,NA,1,order,intact,,,,
TAD_bv_hym_26Aug22,106.9,TAD,08/26/22,blue vane,hymenoptera,scelionidae,1,family,intact,,,,
SAS_bv_hym_13Sep22,194.1,SAS,09/13/22,blue vane,hymenoptera,vespidae,28,family,intact,,,,
SAS_bv_hym_13Sep22,194.2,SAS,09/13/22,blue vane,hymenoptera,formicidae,9,family,intact,,,,
SAS_bv_hym_13Sep22,194.3,SAS,09/13/22,blue vane,diptera,NA,2,order,intact,,,,
NSCS_bv_hym_13Jul22,195.1,NSCS,07/13/22,blue vane,hymenoptera,andrenidae,1,family,deteriorating,,,,
SAS_bv_hym_13Sep22,194.4,SAS,09/13/22,blue vane,hymenoptera,scelionidae,2,family,intact,,,,
SAS_bv_hym_13Sep22,194.5,SAS,09/13/22,blue vane,collembola,collembola,1,class,intact,,,,
SLNS_bv_hym_8Sep22,196.1,SLNS,09/08/22,blue vane,hymenoptera,bethylidae,1,family,intact,,,,
SLNS_bv_hym_8Sep22,196.2,SLNS,09/08/22,blue vane,hymenoptera,pompilidae,1,family,intact,,,,
SLNS_bv_hym_8Sep22,196.3,SLNS,09/08/22,blue vane,hymenoptera,encyrtidae,20,family,intact,,,,
TSCS_sn_hym_27Jul22,197.1,TSCS,07/27/22,sweep net,hymenoptera,chrysididae,1,family,intact,,,,
TSSS_bv_hym_12Aug22,198.1,TSSS,8/12/2022,blue vane,hymenoptera,halictidae,4,family,intact,,,,
TAD_bv_hym_14Jul22,199.1,TAD,07/14/22,blue vane,hymenoptera,formicidae,3,family,intact,,,,
TSCS_sn_hym_27Jul22,197.2,TSCS,07/27/22,sweep net,hymenoptera,formicidae,4,family,intact,,,,
TSSS_bv_hym_12Aug22,198.2,TSSS,8/12/2022,blue vane,hymenoptera,formicidae,1,family,intact,,,,
TSSS_bv_hym_12Aug22,198.3,TSSS,8/12/2022,blue vane,hymenoptera,andrenidae,1,family,intact,,,,
TAD_bv_hym_14Jul22,199.2,TAD,07/14/22,blue vane,hymenoptera,eupelmidae,1,family,intact,,,,
TAD_bv_hym_14Jul22,199.3,TAD,07/14/22,blue vane,hymenoptera,halictidae,2,family,intact,,,,
TSCS_sn_hym_27Jul22,197.3,TSCS,7/27/2022,sweep net,hymenoptera,braconidae,4,family,intact,,,,
TSSS_bv_hym_12Aug22,198.4,TSSS,8/12/2022,blue vane,hymenoptera,diapriidae,1,family,intact,,,,
NCTC_sn_hym_15Jul22,200.1,NCTC,07/15/22,sweep net,hymenoptera,formicidae,5,family,intact,,,,
TSSS_bv_hym_30Sep22,202.1,TSSS,09/30/22,blue vane,hymenoptera,vespidae,2,family,intact,,,,
TSSS_bv_hym_30Sep22,202.2,TSSS,09/30/22,blue vane,hymenoptera,pompilidae,2,family,intact,,,,
TSCS_sn_hym_27Jul22,197.4,TSCS,7/27/2022,sweep net,hymenoptera,encyrtidae,1,family,intact,,,,
TSSS_bv_hym_30Sep22,202.3,TSSS,09/30/22,blue vane,diptera,NA,1,order,intact,,,,
TSCS_sn_hym_27Jul22,197.5,TSCS,7/27/2022,sweep net,hymenoptera,bethylidae,1,family,intact,,,,
TSCS_sn_hym_27Jul22,197.6,TSCS,7/27/2022,sweep net,coleoptera,NA,1,order,intact,,,,
NCTC_sn_hym_15Jul22,200.2,NCTC,07/15/22,sweep net,hymenoptera,ceraphronidae,1,family,intact,,,,
TAD_sn_hym_12Aug22,201.1,TAD,08/12/22,sweep net,hymenoptera,formicidae,2,family,intact,,,,
TAD_sn_hym_12Aug22,201.2,TAD,08/12/22,sweep net,hymenoptera,braconidae,3,family,intact,,,,
TAD_sn_hym_12Aug22,201.3,TAD,08/12/22,sweep net,hymenoptera,eulophidae,1,family,intact,,,,
TAD_sn_hym_12Aug22,201.4,TAD,08/12/22,sweep net,hymenoptera,scelionidae,1,family,intact,,,,
TSSS_bv_hym_12Aug22,198.5,TSSS,08/12/22,blue vane,diptera,NA,1,order,intact,,,,
TAD_bv_hym_14Jul22,199.4,TAD,07/14/22,blue vane,hymenoptera,encyrtidae,3,family,intact,,,,
TAD_bv_hym_14Jul22,199.5,TAD,07/14/22,blue vane,hymenoptera,scelionidae,2,family,intact,,,,
TAD_bv_hym_14Jul22,199.6,TAD,07/14/22,blue vane,hymenoptera,ceraphronidae,1,family,deteriorating,,,,
NCTC_pf_hym_15Jul22,159.5,NCTC,07/15/22,pitfall,hymenoptera,diapriidae,1,family,intact,,,,
TSCS_sn_hym_27Jul22,197.7,TSCS,7/27/2022,sweep net,hymenoptera,diapriidae,3,family,intact,,,,
TSCS_sn_hym_27Jul22,197.8,TSCS,7/27/2022,sweep net,hymenoptera,megaspilidae,1,family,intact,,,,
TSCS_sn_hym_27Jul22,197.9,TSCS,7/27/2022,sweep net,hymenoptera,ceraphronidae,8,family,intact,,,,
TSCS_sn_hym_27Jul22,197.10,TSCS,7/27/2022,sweep net,hymenoptera,platygastridae,1,family,deteriorating,,,,
TSSS_bv_hym_12Aug22,198.6,TSSS,08/12/22,blue vane,hymenoptera,encyrtidae,1,family,intact,,,,
NCTC_sn_hym_15Jul22,200.3,NCTC,07/15/22,sweep net,diptera,NA,2,order,deteriorating,,,,
NSCN_bv_hym_28Sep22,203.1,NSCN,09/28/22,blue vane,hymenoptera,scelionidae,1,family,intact,,,,
NCTC_sn_hym_15Jul22,200.4,NCTC,07/15/22,sweep net,hymenoptera,eulophidae,7,family,deteriorating,,,,
NCTC_sn_hym_15Jul22,200.5,NCTC,07/15/22,sweep net,hymenoptera,encyrtidae,1,family,intact,,,,
NCTC_bv_hym_15Jul22,205.1,NCTC,07/15/22,blue vane,hymenoptera,halictidae,1,family,intact,,,,
NSCN_bv_hym_20Oct22,204.1,NSCN,10/20/22,blue vane,hymenoptera,halictidae,2,family,intact,,,,
NCTC_bv_hym_15Jul22,205.2,NCTC,7/15/2022,blue vane,hymenoptera,aphelinidae,1,family,deteriorating,,,,
NCTC_sn_hym_20Oct22,206.1,NCTC,10/20/22,sweep net,hymenoptera,halictidae,1,family,intact,,,,
NCTC_sn_hym_20Oct22,206.2,NCTC,10/20/22,sweep net,hymenoptera,bethylidae,1,family,intact,,,,
NCTC_sn_hym_15Jul22,200.6,NCTC,07/15/22,sweep net,hymenoptera,figitidae,3,family,intact,,,,
NCTC_sn_hym_15Jul22,200.7,NCTC,07/15/22,sweep net,hymenoptera,braconidae,10,family,intact,,,,
NSSN_sn_hym_30Sep22,207.1,NSSN,09/30/22,sweep net,hymenoptera,braconidae,1,family,intact,,,,
TSCS_bv_hym_13Jul22,100.5,TSCS,07/13/22,blue vane,hymenoptera,halictidae,5,family,intact,,,,
NSSN_sn_hym_30Sep22,207.2,NSSN,9/30/2022,sweep net,hymenoptera,platygastridae,2,family,intact,,,,
NSSN_sn_hym_30Sep22,207.3,NSSN,9/30/2022,sweep net,hymenoptera,formicidae,1,family,intact,,,,
NCTC_sn_hym_15Jul22,200.8,NCTC,07/15/22,sweep net,hymenoptera,scelionidae,2,family,intact,,,,
NCTC_sn_hym_15Jul22,200.9,NCTC,07/15/22,sweep net,hymenoptera,eurytomidae,1,family,deteriorating,,,,
TY_bv_hym_14Sept22,208.1,TY,09/14/22,blue vane,hymenoptera,halictidae,1,family,intact,,,,
NCTC_sn_hym_15Jul22,200.10,NCTC,07/15/22,sweep net,hymenoptera,platygastridae,14,family,intact,,,,
SAS_sn_hym_13Sep22,209.1,SAS,09/13/22,sweep net,hymenoptera,formicidae,2,family,intact,,,,
NCTC_sn_hym_15Jul22,200.11,NCTC,07/15/22,sweep net,hymenoptera,diapriidae,1,family,deteriorating,,,,
SAS_sn_hym_13Sep22,209.2,SAS,09/13/22,sweep net,hymenoptera,braconidae,3,family,intact,,,,
NCTC_bv_hym_17Aug22,210.1,NCTC,08/17/22,blue vane,hymenoptera,apidae,2,family,intact,,,,
SAS_sn_hym_13Sep22,209.3,SAS,09/13/22,sweep net,hymenoptera,diapriidae,1,family,intact,,,,
SAS_sn_hym_13Sep22,209.4,SAS,09/13/22,sweep net,hymenoptera,ichneumonidae,1,family,intact,,,,
NCTC_sn_hym_15Jul22,200.12,NCTC,07/15/22,sweep net,collembola,collembola,3,order,deteriorating,,,,
NCTC_bv_hym_17Aug22,210.2,NCTC,08/17/22,blue vane,hymenoptera,encyrtidae,3,family,intact,,,,
TSCS_sn_hym_28Sep22,212.1,TSCS,09/28/22,sweep net,hymenoptera,diapriidae,1,family,intact,,,,
NSCN_sn_hym_13Jul22,213.1,NSCN,07/13/22,sweep net,hymenoptera,ichneumonidae,3,family,intact,,,,
NSCN_sn_hym_13Jul22,213.2,NSCN,07/13/22,sweep net,hymenoptera,braconidae,6,family,intact,,,,
NSCN_sn_hym_13Jul22,213.3,NSCN,07/13/22,sweep net,hymenoptera,formicidae,22,family,intact,,,,
NSSN_bv_hym_30Sep22,214.1,NSSN,09/30/22,blue vane,hymenoptera,vespidae,1,family,intact,,,,
NSCN_sn_hym_13Jul22,213.4,NSCN,07/13/22,sweep net,hymenoptera,halictidae,1,family,intact,,,,
TSCS_sn_hym_28Sep22,212.2,TSCS,09/28/22,sweep net,hymenoptera,braconidae,1,family,intact,,,,
NSSN_bv_hym_30Sep22,214.2,NSSN,09/30/22,blue vane,hymenoptera,halictidae,3,family,intact,,,,
NCTC_sn_hym_17Aug22,211.1,NCTC,08/17/22,sweep net,hymenoptera,eupelmidae,1,family,intact,,,,
9,211.2,NCTC,08/17/22,sweep net,hymenoptera,formicidae,3,family,intact,,,,
NCTC_sn_hym_17Aug22,211.3,NCTC,08/17/22,sweep net,hymenoptera,braconidae,2,family,intact,,,,
NSCS_sn_hym_14Sep22,215.1,NSCS,09/14/22,sweep net,hymenoptera,formicidae,1,family,intact,,,,
NSCN_sn_hym_13Jul22,213.5,NSCN,07/13/22,sweep net,hymenoptera,diapriidae,2,family,deteriorating,,,,
NSSN_bv_hym_30Sep22,214.3,NSSN,09/30/22,blue vane,hymenoptera,ichneumonidae,1,family,intact,,,,
NSCN_sn_hym_13Jul22,213.6,NSCN,07/13/22,sweep net,hymenoptera,scelionidae,4,family,intact,,,,
NSCN_sn_hym_13Jul22,213.7,NSCN,07/13/22,sweep net,hymenoptera,platygastridae,4,family,intact,,,,
NSCS_sn_hym_14Sep22,215.2,NSCS,09/14/22,sweep net,hymenoptera,mymaridae,1,family,intact,,,,
NSCN_sn_hym_13Jul22,213.8,NSCN,07/13/22,sweep net,hymenoptera,ceraphronidae,2,family,intact,,,,
NSCN_sn_hym_13Jul22,213.9,NSCN,07/13/22,sweep net,hymenoptera,eulophidae,3,family,intact,,,,
NSCS_sn_hym_14Sep22,215.3,NSCS,09/14/22,sweep net,hymenoptera,braconidae,2,family,intact,,,,
NSCN_sn_hym_13Jul22,213.10,NSCN,07/13/22,sweep net,hymenoptera,eurytomidae,1,family,intact,,,,
NSCN_sn_hym_13Jul22,213.11,NSCN,07/13/22,sweep net,hymenoptera,pteromalidae,1,family,intact,,,,
NSCN_sn_hym_13Jul22,213.12,NSCN,07/13/22,sweep net,hymenoptera,encyrtidae,2,family,deteriorating,,,,
NSCN_sn_hym_13Jul22,213.13,NSCN,07/13/22,sweep net,hymenoptera,eupelmidae,1,family,intact,,,,
NSCN_sn_hym_13Jul22,213.14,NSCN,07/13/22,sweep net,hymenoptera,mymaridae,1,family,intact,,,,
NSCS_sn_hym_14Sep22,215.4,NSCS,09/14/22,sweep net,hymenoptera,scelionidae,1,family,intact,,,,
NCTC_sn_hym_17Aug22,211.4,NCTC,08/17/22,sweep net,hymenoptera,scelionidae,1,family,intact,,,,
NCTC_sn_hym_17Aug22,211.5,NCTC,08/17/22,sweep net,hymenoptera,eulophidae,1,family,intact,,,,
NCTC_sn_hym_17Aug22,211.6,NCTC,08/17/22,sweep net,hymenoptera,diapriidae,1,family,intact,,,,
NCTC_sn_hym_17Aug22,211.7,NCTC,08/17/22,sweep net,hymenoptera,platygastridae,2,family,deteriorating,,,,
TSCS_sn_hym_28Sep22,212.3,TSCS,09/28/22,sweep net,hymenoptera,eulophidae,2,family,intact,,,,
TSCS_sn_hym_28Sep22,212.4,TSCS,09/28/22,sweep net,hymenoptera,trichogrammatidae,1,family,intact,,,,
TSCS_sn_hym_28Sep22,212.5,TSCS,09/28/22,sweep net,hymenoptera,platygastridae,2,family,intact,,,,
SAS_sn_hym_13Sep22,209.5,SAS,09/13/22,sweep net,hymenoptera,ceraphronidae,1,family,intact,,,,
SAS_sn_hym_13Sep22,209.6,SAS,09/13/22,sweep net,hymenoptera,eulophidae,1,family,intact,,,,
SAS_sn_hym_13Sep22,209.7,SAS,09/13/22,sweep net,hymenoptera,platygastridae,1,family,intact,,,,
NCTC_bv_hym_17Aug22,210.3,NCTC,08/17/22,blue vane,hymenoptera,diapriidae,1,family,intact,,,,
NCTC_bv_hym_17Aug22,210.4,NCTC,08/17/22,blue vane,hymenoptera,scelionidae,1,family,intact,,,,
NCTC_bv_hym_15Jul22,205.3,NCTC,07/15/22,blue vane,psocodea,NA,1,order,deteriorating,,,,
SLNS_bv_hym_12Jul22,216.1,SLNS,07/12/22,blue vane,hymenoptera,formicidae,1,family,intact,,,,
SLNS_bv_hym_12Jul22,216.2,SLNS,07/12/22,blue vane,hymenoptera,encyrtidae,3,family,intact,,,,
NSCS_bv_hym_14Sep22,217.1,NSCS,09/17/22,blue vane,hymenoptera,eupelmidae,1,family,deteriorating,,,,
NSCS_bv_hym_14Sep22,217.2,NSCS,09/17/22,blue vane,hymenoptera,encyrtidae,1,family,intact,,,,
NSCS_bv_hym_14Sep22,217.3,NSCS,09/17/22,blue vane,hymenoptera,diapriidae,1,family,intact,,,,
SLNS_sn_hym_25Aug22,218.1,SLNS,08/25/22,sweep net,hymenoptera,formicidae,16,family,deteriorating,,,,
SLNS_sn_hym_25Aug22,218.2,SLNS,08/25/22,sweep net,hymenoptera,braconidae,2,family,intact,,,,
SLNS_sn_hym_25Aug22,218.3,SLNS,08/25/22,sweep net,hymenoptera,proctotrupidae,1,family,intact,,,,
SLNS_sn_hym_25Aug22,218.4,SLNS,08/25/22,sweep net,hymenoptera,bethylidae,1,family,intact,,,,
SLNS_sn_hym_25Aug22,218.5,SLNS,08/25/22,sweep net,hymenoptera,figitidae,1,family,intact,,,,
SLNS_sn_hym_25Aug22,218.6,SLNS,08/25/22,sweep net,hymenoptera,ceraphronidae,1,family,intact,,,,
SLNS_sn_hym_25Aug22,218.7,SLNS,08/25/22,sweep net,hymenoptera,scelionidae,1,family,intact,,,,
SLNS_sn_hym_25Aug22,218.8,SLNS,08/25/22,sweep net,hymenoptera,encyrtidae,1,family,intact,,,,
SLNS_sn_hym_25Aug22,218.9,SLNS,08/25/22,sweep net,hymenoptera,eulophidae,1,family,intact,,,,
TY_sn_hym_15Jul22,219.1,TY,07/15/22,sweep net,hymenoptera,formicidae,14,family,deteriorating,,,,
TY_sn_hym_15Jul22,219.2,TY,07/15/22,sweep net,hymenoptera,braconidae,5,family,intact,,,,
TY_sn_hym_15Jul22,219.3,TY,07/15/22,sweep net,hymenoptera,diapriidae,3,family,intact,,,,
NSCN_pf_hym_13Jul22,220.1,NSCN,07/13/22,pitfall,hymenoptera,scelionidae,58,family,deteriorating,,,,
TY_sn_hym_15Jul22,219.5,TY,07/15/22,sweep net,hymenoptera,mymaridae,4,family,deteriorating,,,,
NSCN_pf_hym_13Jul22,220.2,NSCN,07/13/22,pitfall,hymenoptera,formicidae,24,family,intact,,,,
NSCN_pf_hym_13Jul22,220.3,NSCN,07/13/22,pitfall,acari,NA,2,subclass,intact,,,,
TY_sn_hym_15Jul22,219.6,TY,07/15/22,sweep net,hymenoptera,aphelinidae,6,family,intact,,,,
TY_sn_hym_15Jul22,219.7,TY,07/15/22,sweep net,hymenoptera,platygastridae,7,family,deteriorating,,,,
TY_sn_hym_15Jul22,219.8,TY,07/15/22,sweep net,hymenoptera,eulophidae,1,family,deteriorating,,,,
TY_sn_hym_15Jul22,219.9,TY,07/15/22,sweep net,hymenoptera,encyrtidae,1,family,deteriorating,,,,
SAS_sn_hym_29Sep22,221.1,SAS,09/29/22,sweep net,hymenoptera,pteromalidae,1,family,intact,,,,
TY_sn_hym_15Jul22,219.4,TY,07/15/22,sweep net,hymenoptera,pteromalidae,1,family,intact,,,,
SAS_sn_hym_29Sep22,221.2,SAS,09/29/22,sweep net,hymenoptera,formicidae,8,family,intact,,,,
SAS_sn_hym_29Sep22,221.3,SAS,09/29/22,sweep net,hymenoptera,tenthredinidae,1,family,intact,,,,
NSCN_pf_hym_13Jul22,220.4,NSCN,07/13/22,pitfall,hymenoptera,aphelinidae,1,family,intact,,,,
SAS_sn_hym_29Sep22,221.4,SAS,09/29/22,sweep net,hymenoptera,ceraphronidae,1,family,intact,,,,
SAS_sn_hym_29Sep22,221.5,SAS,09/29/22,sweep net,hymenoptera,platygastridae,1,family,intact,,,,
SLNS_sn_hym_8Sep22,222.1,SLNS,09/08/22,sweep net,hymenoptera,formicidae,4,family,intact,,,,
SLNS_sn_hym_8Sep22,222.2,SLNS,09/08/22,sweep net,hymenoptera,ichneumonidae,1,family,intact,,,,
SLNS_sn_hym_8Sep22,222.3,SLNS,09/08/22,sweep net,hymenoptera,diapriidae,1,family,intact,,,,
SLNS_sn_hym_8Sep22,222.4,SLNS,09/08/22,sweep net,hymenoptera,braconidae,2,family,intact,,,,
SLNS_sn_hym_8Sep22,222.5,SLNS,09/08/22,sweep net,hymenoptera,bethylidae,1,family,intact,,,,
SLNS_sn_hym_8Sep22,222.6,SLNS,09/08/22,sweep net,hymenoptera,figitidae,3,family,intact,,,,
SLNS_sn_hym_8Sep22,222.7,SLNS,09/08/22,sweep net,diptera,NA,1,order,intact,,,,
SLNS_sn_hym_8Sep22,222.8,SLNS,09/08/22,sweep net,hymenoptera,eulophidae,2,family,intact,,,,
SLNS_sn_hym_8Sep22,222.9,SLNS,09/08/22,sweep net,hymenoptera,scelionidae,1,family,intact,,,,
SLNS_sn_hym_8Sep22,222.10,SLNS,09/08/22,sweep net,hymenoptera,mymaridae,1,family,intact,,,,
NSSN_sn_hym_12Aug22,223.1,NSSN,08/12/22,sweep net,hymenoptera,halictidae,2,family,intact,,,,
NSSN_sn_hym_12Aug22,223.2,NSSN,08/12/22,sweep net,hymenoptera,formicidae,7,family,intact,,,,
NSSN_sn_hym_12Aug22,223.3,NSSN,08/12/22,sweep net,hymenoptera,braconidae,3,family,intact,,,,
NSSN_sn_hym_12Aug22,223.4,NSSN,08/12/22,sweep net,hymenoptera,figitidae,1,family,intact,,,,
NSSN_sn_hym_12Aug22,223.5,NSSN,08/12/22,sweep net,hymenoptera,scelionidae,3,family,intact,,,,
NSSN_sn_hym_12Aug22,223.6,NSSN,08/12/22,sweep net,hymenoptera,pteromalidae,1,family,intact,,,,
NSSN_sn_hym_12Aug22,223.7,NSSN,08/12/22,sweep net,hymenoptera,eulophidae,2,family,intact,,,,
NSSN_sn_hym_12Aug22,223.8,NSSN,08/12/22,sweep net,hymenoptera,aphelinidae,1,family,intact,,,,
NSSN_sn_hym_12Aug22,223.9,NSSN,08/12/22,sweep net,hymenoptera,mymaridae,1,family,intact,,,,
NSSN_sn_hym_12Aug22,223.10,NSSN,08/12/22,sweep net,hymenoptera,ceraphronidae,1,family,intact,,,,
NSSN_sn_hym_12Aug22,223.11,NSSN,08/12/22,sweep net,hymenoptera,eurytomidae,1,family,intact,,,,
TAD_sn_hym_14Jul22,224.1,TAD,07/14/22,sweep net,hymenoptera,formicidae,10,family,intact,,,,
TAD_sn_hym_14Jul22,224.2,TAD,07/14/22,sweep net,hymenoptera,braconidae,14,family,deteriorating,,,,
TAD_sn_hym_14Jul22,224.3,TAD,07/14/22,sweep net,hymenoptera,pteromalidae,3,family,intact,,,,
TAD_sn_hym_14Jul22,224.4,TAD,07/14/22,sweep net,hymenoptera,mymaridae,2,family,deteriorating,,,,
TAD_sn_hym_14Jul22,224.5,TAD,07/14/22,sweep net,hymenoptera,eulophidae,1,family,deteriorating,,,,
TAD_sn_hym_14Jul22,224.6,TAD,07/14/22,sweep net,hymenoptera,pteromalidae,1,family,deteriorating,,,,
TAD_sn_hym_14Jul22,224.7,TAD,07/14/22,sweep net,hymenoptera,figitidae,2,family,deteriorating,,,,
TAD_sn_hym_14Jul22,224.8,TAD,07/14/22,sweep net,hymenoptera,scelionidae,1,family,intact,,,,
TAD_sn_hym_14Jul22,224.9,TAD,07/14/22,sweep net,hymenoptera,diapriidae,3,family,intact,,,,
TAD_sn_hym_14Jul22,224.10,TAD,07/14/22,sweep net,acari,NA,1,subclass,intact,,,,
NSCS_pf_hym_13Jul22,225.1,NSCS,07/13/22,pitfall,hymenoptera,formicidae,10,family,intact,,,,
NSCS_pf_hym_13Jul22,225.2,NSCS,07/13/22,pitfall,hymenoptera,scelionidae,14,family,deteriorating,,,,
NSCS_pf_hym_13Jul22,225.3,NSCS,07/13/22,pitfall,hymenoptera,braconidae,1,family,intact,,,,
NSCS_pf_hym_13Jul22,225.4,NSCS,07/13/22,pitfall,hymenoptera,ceraphronidae,1,family,deteriorating,,,,
NSCS_pf_hym_13Jul22,225.5,NSCS,07/13/22,pitfall,hymenoptera,megaspilidae,1,family,intact,,,,
NSCS_pf_hym_13Jul22,225.6,NSCS,07/13/22,pitfall,hymenoptera,figitidae,1,family,intact,,,,
NSCS_pf_hym_13Jul22,226.7,NSCS,07/13/22,pitfall,hymenoptera,platygastridae,2,family,intact,,,,
NCTC_bv_hym_3Aug22,226.1,NCTC,08/03/22,blue vane,hymenoptera,vespidae,1,family,intact,,,,
NCTC_bv_hym_3Aug22,226.2,NCTC,08/03/22,blue vane,hymenoptera,scelionidae,1,family,intact,,,,
SLNS_sn_hym_19Oct22,228.1,SLNS,10/19/22,sweep net,hymenoptera,ichneumonidae,1,family,intact,,,,
SELS_bv_hym_8Sep22,147.1,SELS,09/08/22,blue vane,hymenoptera,formicidae,2,family,deteriorating,,,,
SELS_bv_hym_8Sep22,147.2,SELS,09/08/22,blue vane,hymenoptera,pompilidae,1,family,intact,,,,
SELS_bv_hym_8Sep22,147.3,SELS,09/08/22,blue vane,hymenoptera,encyrtidae,14,family,intact,,,,
TAD_pf_hym_14Jul22,229.1,TAD,07/14/22,pitfall,hymenoptera,formicidae,82,family,intact,,,,
TSCS_sn_hym_26Aug22,227.1,TSCS,08/26/22,sweep net,hymenoptera,perilampidae,1,family,intact,,,,
TSCS_sn_hym_26Aug22,227.2,TSCS,08/26/22,sweep net,hymenoptera,formicidae,3,family,intact,,,,
TSCS_sn_hym_26Aug22,227.3,TSCS,08/26/22,sweep net,hymenoptera,bethylidae,3,family,intact,,,,
TAD_pf_hym_14Jul22,229.2,TAD,07/14/22,pitfall,hymenoptera,ichneumonidae,1,family,intact,,,,
TSSS_sn_hym_31Aug22,230.1,TSSS,08/31/22,sweep net,hymenoptera,eulophidae,2,family,intact,,,,
TSSS_sn_hym_31Aug22,230.2,TSSS,08/31/22,sweep net,hymenoptera,braconidae,2,family,intact,,,,
TAD_pf_hym_14Jul22,229.3,TAD,07/14/22,pitfall,hymenoptera,scelionidae,14,family,deteriorating,,,,
TAD_pf_hym_14Jul22,229.4,TAD,07/14/22,pitfall,hymenoptera,ceraphronidae,2,family,deteriorating,,,,
TAD_pf_hym_14Jul22,229.5,TAD,07/14/22,pitfall,hymenoptera,figitidae,1,family,intact,,,,
TAD_pf_hym_14Jul22,229.6,TAD,07/14/22,pitfall,hymenoptera,diapriidae,1,family,intact,,,,
TAD_pf_hym_14Jul22,229.7,TAD,07/14/22,pitfall,diptera,NA,1,order,intact,,,,
TAD_pf_hym_14Jul22,229.8,TAD,07/14/22,pitfall,collembola,collembola,1,class,intact,,,,
SAS_bv_hym_1Sep22,231.1,SAS,09/01/22,blue vane,hymenoptera,vespidae,9,family,intact,,,,
SAS_bv_hym_1Sep22,231.2,SAS,09/01/22,blue vane,hymenoptera,formicidae,5,family,intact,,,,
SAS_bv_hym_1Sep22,231.3,SAS,09/01/22,blue vane,hymenoptera,andrenidae,1,family,intact,,,,
SAS_bv_hym_1Sep22,231.4,SAS,09/01/22,blue vane,hymenoptera,encyrtidae,1,family,intact,,,,
SAS_bv_hym_1Sep22,231.5,SAS,09/01/22,blue vane,hymenoptera,platygastridae,1,family,intact,,,,
SAS_bv_hym_1Sep22,231.6,SAS,09/01/22,blue vane,diptera,NA,2,order,intact,,,,
SAS_bv_hym_1Sep22,231.7,SAS,09/01/22,blue vane,hymenoptera,pompilidae,1,family,intact,,,,
TY_sn_hym_17Aug22,232.1,TY,08/17/22,sweep net,hymenoptera,diapriidae,1,family,intact,,,,
TY_sn_hym_17Aug22,232.2,TY,08/17/22,sweep net,hymenoptera,formicidae,1,family,intact,,,,
TY_sn_hym_17Aug22,232.3,TY,08/17/22,sweep net,hymenoptera,braconidae,4,family,intact,,,,
NSCN_bv_hym_26Aug22,233.1,NSCN,08/26/22,blue vane,hymenoptera,encyrtidae,6,family,intact,,,,
NSCN_bv_hym_26Aug22,233.2,NSCN,08/26/22,blue vane,hymenoptera,halictidae,1,family,intact,,,,
NCTC_sn_hym_15Jul22,200.13,NCTC,07/15/22,sweep net,psocodea,NA,2,order,deteriorating,,,,
NCTC_sn_hym_15Jul22,200.14,NCTC,07/15/22,sweep net,hymenoptera,ichneumonidae,2,family,intact,,,,
TAD_sn_hym_13Sep22,234.1,TAD,09/13/22,sweep net,hymenoptera,eulophidae,2,family,intact,,,,
TAD_sn_hym_13Sep22,234.2,TAD,09/13/22,sweep net,hymenoptera,formicidae,2,family,intact,,,,
TAD_sn_hym_13Sep22,234.3,TAD,09/13/22,sweep net,hymenoptera,braconidae,4,family,intact,,,,
NSSN_sn_hym_15Jul22,157.7,NSSN,07/15/22,sweep net,hymenoptera,scelionidae,5,family,intact,,,,
NSSN_sn_hym_15Jul22,157.11,NSSN,07/15/22,sweep net,hymenoptera,eulophidae,5,family,deteriorating,,,,
NSSN_sn_hym_15Jul22,157.10,NSSN,07/15/22,sweep net,hymenoptera,mymaridae,1,family,intact,,,,
NSSN_sn_hym_15Jul22,157.12,NSSN,07/15/22,sweep net,hymenoptera,pergidae,1,family,deteriorating,,,,
NSSN_sn_hym_15Jul22,157.13,NSSN,07/15/22,sweep net,trichoptera,NA,1,order,deteriorating,,,,
NSSN_sn_hym_15Jul22,157.14,NSSN,07/15/22,sweep net,hymenoptera,formicidae,1,family,intact,,,,
NSSN_sn_hym_15Jul22,157.15,NSSN,07/15/22,sweep net,hymenoptera,megaspilidae,1,family,intact,,,,
NSSN_sn_hym_15Jul22,157.16,NSSN,07/15/22,sweep net,diptera,NA,1,order,deteriorating,,,,
NSSN_sn_hym_15Jul22,157.17,NSSN,07/15/22,sweep net,thysanoptera,NA,1,family,intact,,,,
TY_sn_hym_30Sep22,235.1,TY,09/30/22,sweep net,hymenoptera,scelionidae,1,family,intact,,,,
TY_sn_hym_30Sep22,235.2,TY,09/30/22,sweep net,hymenoptera,platygastridae,2,family,intact,,,,
TAD_pf_hym_22Jul22,121.3,TAD,07/22/22,pitfall,hymenoptera,rhopalosomatidae,3,family,intact,,,,
SAS_sn_hym_12Aug22,236.1,SAS,08/12/22,sweep net,hymenoptera,chrysolampidae,2,family,intact,,,,
SAS_sn_hym_12Aug22,236.2,SAS,08/12/22,sweep net,hymenoptera,formicidae,4,family,intact,,,,
SAS_sn_hym_12Aug22,236.3,SAS,08/12/22,sweep net,hymenoptera,braconidae,5,family,intact,,,,
SAS_sn_hym_12Aug22,236.4,SAS,08/12/22,sweep net,hymenoptera,platygastridae,3,family,intact,,,,
SAS_sn_hym_12Aug22,236.5,SAS,08/12/22,sweep net,hymenoptera,scelionidae,2,family,intact,,,,
SAS_sn_hym_12Aug22,236.6,SAS,08/12/22,sweep net,hymenoptera,eurytomidae,1,family,intact,,,,
SAS_sn_hym_12Aug22,236.7,SAS,08/12/22,sweep net,hymenoptera,diapriidae,2,family,deteriorating,,,,
SAS_sn_hym_12Aug22,236.8,SAS,08/12/22,sweep net,hymenoptera,figitidae,1,family,intact,,,,
TSCS_sn_hym_13Jul22,237.1,TSCS,07/13/22,sweep net,hymenoptera,formicidae,15,family,intact,,,,
TSCS_sn_hym_13Jul22,237.2,TSCS,07/13/22,sweep net,hymenoptera,braconidae,5,family,intact,,,,
TSCS_sn_hym_13Jul22,237.3,TSCS,07/13/22,sweep net,hymenoptera,ichneumonidae,2,family,intact,,,,
TSCS_sn_hym_13Jul22,237.4,TSCS,07/13/22,sweep net,hymenoptera,figitidae,1,family,intact,,,,
TSCS_sn_hym_13Jul22,237.5,TSCS,07/13/22,sweep net,hymenoptera,diapriidae,3,family,deteriorating,,,,
TSCS_sn_hym_13Jul22,237.6,TSCS,07/13/22,sweep net,hymenoptera,platygastridae,2,family,intact,,,,
TSCS_sn_hym_13Jul22,237.7,TSCS,07/13/22,sweep net,hymenoptera,scelionidae,1,family,deteriorating,,,,
TSCS_sn_hym_26Aug22,227.4,TSCS,08/26/22,sweep net,hymenoptera,mymaridae,2,family,intact,,,,
TSCS_sn_hym_26Aug22,227.5,TSCS,08/26/22,sweep net,hymenoptera,aphelinidae,1,family,intact,,,,
TSCS_sn_hym_26Aug22,227.6,TSCS,08/26/22,sweep net,hymenoptera,trichogrammatidae,1,family,intact,,,,
TSCS_sn_hym_26Aug22,227.7,TSCS,08/26/22,sweep net,hymenoptera,pteromalidae,1,family,intact,,,,
TSCS_sn_hym_26Aug22,227.8,TSCS,08/26/22,sweep net,hymenoptera,scelionidae,1,family,intact,,,,
TSCS_sn_hym_26Aug22,227.9,TSCS,08/26/22,sweep net,hymenoptera,ceraphronidae,2,family,intact,,,,
TSCS_sn_hym_26Aug22,227.10,TSCS,08/26/22,sweep net,hymenoptera,platygastridae,2,family,intact,,,,
TSSS_sn_hym_31Aug22,230.3,TSSS,08/31/22,sweep net,hymenoptera,platygastridae,1,family,intact,,,,
TSSS_sn_hym_31Aug22,230.4,TSSS,08/31/22,sweep net,hymenoptera,eurytomidae,1,family,intact,,,,
TSSS_sn_hym_31Aug22,230.5,TSSS,08/31/22,sweep net,hymenoptera,scelionidae,1,family,intact,,,,
SAS_bv_hym_1Sep22,231.8,SAS,09/01/22,blue vane,hymenoptera,scelionidae,1,family,intact,,,,
TY_sn_hym_17Aug22,232.4,TY,08/17/22,sweep net,hymenoptera,scelionidae,1,family,intact,,,,
TY_sn_hym_17Aug22,232.5,TY,08/17/22,sweep net,hymenoptera,mymaridae,2,family,deteriorating,,,,
TY_sn_hym_17Aug22,232.6,TY,08/17/22,sweep net,hymenoptera,eurytomidae,1,family,intact,,,,
TY_sn_hym_17Aug22,232.7,TY,08/17/22,sweep net,hymenoptera,aphelinidae,1,family,intact,,,,
NSCN_bv_hym_26Aug22,233.3,NSCN,08/26/22,blue vane,hymenoptera,scelionidae,1,family,deteriorating,,,,
TAD_sn_hym_13Sep22,234.4,TAD,09/13/22,sweep net,hymenoptera,mymaridae,1,family,intact,,,,
SAS_sn_hym_12Aug22,236.9,SAS,08/12/22,sweep net,hymenoptera,encyrtidae,1,family,deteriorating,,,,
SAS_sn_hym_12Aug22,236.10,SAS,08/12/22,sweep net,hymenoptera,eurytomidae,2,family,intact,,,,
TSCS_sn_hym_13Jul22,237.8,TSCS,07/13/22,sweep net,hymenoptera,ceraphronidae,2,family,intact,,,,
TSCS_sn_hym_13Jul22,237.9,TSCS,07/13/22,sweep net,hymenoptera,eurytomidae,1,family,intact,,,,
NCTC_sn_hym_15Jul22,200.15,NCTC,07/15/22,sweep net,hemiptera,NA,1,order,intact,,,,
NSCN_sn_hym_26Aug22,122.2,NSCN,08/26/22,sweep net,hymenoptera,ichneumonidae,1,family,intact,,,,
NSCN_sn_hym_26Aug22,122.3,NSCN,08/26/22,sweep net,hymenoptera,figitidae,3,family,intact,,,,
NSCN_sn_hym_26Aug22,122.4,NSCN,08/26/22,sweep net,hymenoptera,braconidae,3,family,intact,,,,
NSCN_sn_hym_26Aug22,122.5,NSCN,08/26/22,sweep net,hymenoptera,platygastridae,1,family,intact,,,,
NSCN_sn_hym_26Aug22,122.6,NSCN,08/26/22,sweep net,hymenoptera,scelionidae,4,family,intact,,,,
SLNS_sn_hym_12Jul22,238.1,SLNS,07/12/22,sweep net,hymenoptera,formicidae,16,family,intact,,,,
NSCN_sn_hym_26Aug22,122.7,NSCN,08/26/22,sweep net,hymenoptera,eulophidae,2,family,intact,,,,
SLNS_sn_hym_12Jul22,238.2,SLNS,07/12/22,sweep net,hymenoptera,braconidae,4,family,intact,,,,
NSCN_sn_hym_26Aug22,122.8,NSCN,08/26/22,sweep net,hymenoptera,eupelmidae,1,family,intact,,,,
NSCN_sn_hym_26Aug22,122.9,NSCN,08/26/22,sweep net,hymenoptera,diapriidae,1,family,intact,,,,
SLNS_sn_hym_12Jul22,238.3,SLNS,07/12/22,sweep net,hymenoptera,ichneumonidae,1,family,deteriorating,,,,
NSCN_sn_hym_26Aug22,122.10,NSCN,08/26/22,sweep net,hymenoptera,pteromalidae,1,family,intact,,,,
SLNS_sn_hym_12Jul22,238.4,SLNS,07/12/22,sweep net,hymenoptera,scelionidae,1,family,intact,,,,
NSCN_sn_hym_26Aug22,122.11,NSCN,08/26/22,sweep net,hymenoptera,mymaridae,1,family,intact,,,,
SLNS_sn_hym_12Jul22,238.5,SLNS,07/12/22,sweep net,hymenoptera,orussidae,1,family,intact,,,,
SLNS_sn_hym_12Jul22,238.6,SLNS,07/12/22,sweep net,hymenoptera,platygastridae,1,family,intact,,,,
SLNS_sn_hym_12Jul22,238.7,SLNS,07/12/22,sweep net,psocodea,NA,2,order,deteriorating,,,,
SLNS_sn_hym_12Jul22,238.8,SLNS,07/12/22,sweep net,hymenoptera,mymaridae,2,family,deteriorating,,,,
SLNS_sn_hym_12Jul22,238.9,SLNS,07/12/22,sweep net,hymenoptera,encyrtidae,1,family,intact,,,,
SLNS_sn_hym_12Jul22,238.10,SLNS,07/12/22,sweep net,hymenoptera,eulophidae,3,family,deteriorating,,,,
SELS_bv_hym_25Aug22,239.1,SELS,08/25/22,blue vane,hymenoptera,andrenidae,1,family,intact,,,,
SELS_bv_hym_25Aug22,239.2,SELS,08/25/22,blue vane,hymenoptera,scelionidae,1,family,intact,,,,
NSCS_bv_hym_13Jul22,195.2,NSCS,07/13/22,blue vane,hymenoptera,halictidae,12,family,intact,,,,
NSCS_bv_hym_13Jul22,195.3,NSCS,07/13/22,blue vane,hymenoptera,pompilidae,1,family,intact,,,,
NSCS_bv_hym_13Jul22,195.4,NSCS,07/13/22,blue vane,hymenoptera,ichneumonidae,1,family,intact,,,,
SELS_sn_hym_30Sep22,240.1,SELS,09/30/22,sweep net,hymenoptera,ceraphronidae,2,family,intact,,,,
SELS_sn_hym_30Sep22,240.2,SELS,09/30/22,sweep net,hymenoptera,platygastridae,1,family,intact,,,,
SELS_sn_hym_30Sep22,240.3,SELS,09/30/22,sweep net,hymenoptera,aphelinidae,1,family,intact,,,,
TSCS_bv_hym_11Aug22,241.1,TSCS,08/11/22,blue vane,hymenoptera,andrenidae,3,family,intact,,,,
TSCS_bv_hym_11Aug22,241.2,TSCS,08/11/22,blue vane,hymenoptera,vespidae,3,family,intact,,,,
NSCS_bv_hym_26Aug22,242.1,NSCS,08/26/22,blue vane,hymenoptera,colletidae,1,family,intact,,,,
NSCS_bv_hym_26Aug22,242.2,NSCS,08/26/22,blue vane,hymenoptera,encyrtidae,1,family,deteriorating,,,,
NSCS_bv_hym_26Aug22,242.3,NSCS,08/26/22,blue vane,hymenoptera,pompilidae,1,family,intact,,,,
NSCS_bv_hym_26Aug22,242.4,NSCS,08/26/22,blue vane,hymenoptera,crabronidae,1,family,intact,,,,
TSCS_bv_hym_11Aug22,241.3,TSCS,08/11/22,blue vane,hymenoptera,encyrtidae,14,family,intact,,,,
TSCS_bv_hym_11Aug22,241.4,TSCS,08/11/22,blue vane,hymenoptera,pompilidae,2,family,intact,,,,
TSCS_bv_hym_11Aug22,241.5,TSCS,08/11/22,blue vane,diptera,NA,2,order,intact,,,,
NSCN_bv_hym_21Oct22,243.1,NSCN,10/21/22,blue vane,hymenoptera,vespidae,7,family,intact,,,,
NSCN_bv_hym_21Oct22,243.3,NSCN,10/21/22,blue vane,hymenoptera,formicidae,3,family,intact,,,,
NSCN_bv_hym_21Oct22,243.2,NSCN,10/21/22,blue vane,hymenoptera,halictidae,225,family,intact,,,,
TSCS_bv_hym_11Aug22,241.6,TSCS,08/11/22,blue vane,hymenoptera,apidae,54,family,intact,,,,
NSCN_bv_hym_21Oct22,243.4,NSCN,10/21/22,blue vane,hymenoptera,figitidae,1,family,intact,,,,
TSCS_bv_hym_11Aug22,241.7,TSCS,08/11/22,blue vane,hymenoptera,halictidae,8,family,intact,,,,
TSCS_bv_hym_11Aug22,241.8,TSCS,08/11/22,blue vane,hymenoptera,pteromalidae,1,family,intact,,,,
TSCS_bv_hym_11Aug22,241.9,TSCS,08/11/22,blue vane,mesostigmata,NA,10,order,intact,,,,
TSCS_bv_hym_11Aug22,241.10,TSCS,08/11/22,blue vane,thysanoptera,NA,4,order,intact,,,,
NSCN_bv_hym_21Oct22,243.5,NSCN,10/21/22,blue vane,hymenoptera,eulophidae,1,family,intact,,,,
NSCN_bv_hym_21Oct22,243.6,NSCN,10/21/22,blue vane,diptera,NA,3,order,intact,,,,
NSCN_bv_hym_21Oct22,243.7,NSCN,10/21/22,blue vane,hymenoptera,pteromalidae,1,family,intact,,,,
SLNS_bv_hym_25Aug22,244.1,SLNS,08/25/22,blue vane,hymenoptera,scelionidae,1,family,intact,,,,
NSCN_bv_hym_14Sep22,245.1,NSCN,09/14/22,blue vane,hymenoptera,eupelmidae,10,family,intact,,,,
NSCN_bv_hym_14Sep22,245.2,NSCN,09/14/22,blue vane,hymenoptera,braconidae,1,family,intact,,,,
TSCS_sn_hym_20Oct22,246.1,TSCS,10/20/22,sweep net,diptera,NA,1,order,intact,,,,
NCTC_sn_hym_3Aug22,247.1,NCTC,08/03/22,sweep net,hymenoptera,formicidae,3,family,intact,,,,
NCTC_sn_hym_3Aug22,247.2,NCTC,08/03/22,sweep net,hymenoptera,mymaridae,1,family,deteriorating,,,,
NCTC_sn_hym_3Aug22,247.3,NCTC,08/03/22,sweep net,hymenoptera,platygastridae,4,family,intact,,,,
NSCN_bv_hym_13Jul22,248.1,NSCN,07/13/22,blue vane,hymenoptera,halictidae,11,family,intact,,,,
NSCN_bv_hym_13Jul22,248.2,NSCN,07/13/22,blue vane,hymenoptera,formicidae,2,family,intact,,,,
NCTC_sn_hym_3Aug22,247.4,NCTC,08/03/22,sweep net,hymenoptera,diapriidae,2,family,intact,,,,
NSCN_bv_hym_13Jul22,248.3,NSCN,07/13/22,blue vane,diptera,NA,2,order,intact,,,,
NSCN_bv_hym_13Jul22,248.4,NSCN,07/13/22,blue vane,hymenoptera,scelionidae,1,family,intact,,,,
NCTC_sn_hym_3Aug22,247.5,NCTC,08/03/22,sweep net,hymenoptera,eulophidae,3,family,intact,,,,
NSCN_bv_hym_13Jul22,248.5,NSCN,07/13/22,blue vane,mesostigmata,NA,16,order,intact,,,,
NCTC_sn_hym_3Aug22,247.6,NCTC,08/03/22,sweep net,hymenoptera,scelionidae,4,family,intact,,,,
NSCN_sn_hym_11Aug22,249.1,NSCN,08/11/22,sweep net,hymenoptera,formicidae,2,family,intact,,,,
NSCN_sn_hym_11Aug22,249.2,NSCN,08/11/22,sweep net,hymenoptera,figitidae,1,family,intact,,,,
NSCN_sn_hym_11Aug22,249.3,NSCN,08/11/22,sweep net,hymenoptera,scelionidae,1,family,intact,,,,
NSCN_sn_hym_11Aug22,249.4,NSCN,08/11/22,sweep net,hymenoptera,aphelinidae,1,family,intact,,,,
TSSS_sn_hym_2Aug22,250.1,TSSS,08/02/22,sweep net,hymenoptera,formicidae,1,family,intact,,,,
TSSS_sn_hym_2Aug22,250.2,TSSS,08/02/22,sweep net,hymenoptera,eulophidae,1,family,intact,,,,
SLNS_sn_hym_9Aug22,174.13,SLNS,08/09/22,sweep net,psocodea,NA,1,family,intact,,,,
SLNS_sn_hym_9Aug22,174.15,SLNS,08/09/22,sweep net,hymenoptera,mymaridae,3,family,deteriorating,,,,
SLNS_sn_hym_9Aug22,174.14,SLNS,08/09/22,sweep net,hymenoptera,trichogrammatidae,1,family,intact,,,,
TSSS_bv_hym_31Aug22,111.3,TSSS,08/31/22,blue vane,hymenoptera,pompilidae,2,family,intact,,,,
TSSS_bv_hym_31Aug22,111.4,TSSS,08/31/22,blue vane,hymenoptera,encyrtidae,5,family,intact,,,,
TSSS_bv_hym_31Aug23,111.5,TSSS,08/31/22,blue vane,diptera,NA,1,order,intact,,,,
TSSS_bv_hym_31Aug23,111.6,TSSS,08/31/22,blue vane,thysanoptera,NA,1,order,intact,,,,
SAS_bv_hym_14Jul22,251.1,SAS,07/14/22,blue vane,araneae,NA,1,order,intact,,,,
SAS_bv_hym_14Jul22,251.2,SAS,07/14/22,blue vane,hymenoptera,formicidae,5,family,intact,,,,
SAS_bv_hym_14Jul22,251.3,SAS,07/14/22,blue vane,hymenoptera,halictidae,2,family,intact,,,,
SAS_bv_hym_14Jul22,251.4,SAS,07/14/22,blue vane,hymenoptera,scelionidae,1,family,intact,,,,
SAS_bv_hym_14Jul22,251.5,SAS,07/14/22,blue vane,hymenoptera,platygastridae,1,family,intact,,,,
SAS_bv_hym_14Jul22,251.6,SAS,07/14/22,blue vane,thysanoptera,NA,1,order,intact,,,,
TY_sn_hym_21Aug22,252.1,TY,08/31/22,sweep net,hymenoptera,scelionidae,1,family,intact,,,,
TY_sn_hym_21Aug22,252.2,TY,08/31/22,sweep net,hymenoptera,mymaridae,1,family,intact,,,,
TY_sn_hym_21Aug22,252.3,TY,08/31/22,sweep net,hymenoptera,eulophidae,1,family,intact,,,,
SLSC_sn_hym_25Aug22,107.4,SLSC,08/25/22,sweep net,hymenoptera,figitidae,4,family,intact,,,,
SLSC_sn_hym_25Aug22,107.5,SLSC,08/25/22,sweep net,hymenoptera,platygastridae,1,family,intact,,,,
SLSC_sn_hym_25Aug22,107.6,SLSC,08/25/22,sweep net,hymenoptera,braconidae,1,family,deteriorating,,,,
SLSC_sn_hym_25Aug22,107.7,SLSC,08/25/22,sweep net,hymenoptera,eupelmidae,1,family,intact,,,,
SLSC_sn_hym_25Aug22,107.8,SLSC,08/25/22,sweep net,diptera,NA,2,order,deteriorating,,,,
SLSC_sn_hym_25Aug22,107.9,SLSC,08/25/22,sweep net,hymenoptera,halictidae,1,family,intact,,,,
SLSC_sn_hym_25Aug22,107.10,SLSC,08/25/22,sweep net,mesostigmata,NA,1,order,intact,,,,
SLSC_bv_hym_25Aug22,253.1,SLSC,08/25/22,blue vane,hymenoptera,vespidae,1,family,intact,,,,
SLSC_bv_hym_25Aug22,253.2,SLSC,08/25/22,blue vane,hymenoptera,formicidae,2,family,intact,,,,
SLSC_bv_hym_25Aug22,253.3,SLSC,08/25/22,blue vane,hymenoptera,pompilidae,1,family,intact,,,,
SLSC_bv_hym_25Aug22,253.4,SLSC,08/25/22,blue vane,hymenoptera,encyrtidae,44,family,intact,,,,
SLSC_bv_hym_25Aug22,253.5,SLSC,08/25/22,blue vane,diptera,NA,1,family,intact,,,,
SLSC_bv_hym_25Aug22,253.6,SLSC,08/25/22,blue vane,hymenoptera,platygastridae,1,family,intact,,,,
SLSC_bv_hym_25Aug22,253.7,SLSC,08/25/22,blue vane,thysanoptera,NA,1,order,intact,,,,
NCTC_pf_hym_15Jul22,159.6,NCTC,07/15/22,pitfall,hymenoptera,braconidae,1,family,intact,,,,
NCTC_pf_hym_15Jul22,159.7,NCTC,07/15/22,pitfall,hymenoptera,ceraphronidae,1,family,intact,,,,
NCTC_pf_hym_15Jul22,159.8,NCTC,07/15/22,pitfall,hymenoptera,platygastridae,2,family,intact,,,,
NCTC_pf_hym_15Jul22,159.9,NCTC,07/15/22,pitfall,hymenoptera,scelionidae,8,family,intact,,,,
NSSN_sn_hym_2Aug22,254.1,NSSN,08/02/22,sweep net,hymenoptera,halictidae,5,family,intact,,,,
NSSN_sn_hym_2Aug22,254.2,NSSN,08/02/22,sweep net,hymenoptera,formicidae,24,family,intact,,,,
NSSN_sn_hym_2Aug22,254.3,NSSN,08/02/22,sweep net,hymenoptera,braconidae,3,family,intact,,,,
NSSN_sn_hym_2Aug22,254.4,NSSN,08/02/22,sweep net,hymenoptera,figitidae,2,family,intact,,,,
NSSN_sn_hym_2Aug22,254.5,NSSN,08/02/22,sweep net,hymenoptera,diapriidae,2,family,intact,,,,
NSSN_sn_hym_2Aug22,254.6,NSSN,08/02/22,sweep net,hymenoptera,scelionidae,2,family,intact,,,,
NSSN_sn_hym_2Aug22,254.7,NSSN,08/02/22,sweep net,hymenoptera,platygastridae,1,family,intact,,,,
NSSN_sn_hym_2Aug22,254.8,NSSN,08/02/22,sweep net,hymenoptera,eulophidae,1,family,intact,,,,
NSSN_sn_hym_2Aug22,254.9,NSSN,08/02/22,sweep net,hymenoptera,ichneumonidae,1,family,intact,,,,
TSCS_bv_hym_28Sep22,129.3,TSCS,09/28/22,blue vane,hymenoptera,andrenidae,1,family,intact,,,,
SLNS_pf_hym_12Jul22,123.5,SLNS,07/12/22,pitfall,hymenoptera,braconidae,6,family,intact,,,,
SLNS_pf_hym_12Jul22,123.6,SLNS,07/12/22,pitfall,hymenoptera,eulophidae,5,family,intact,,,,
SLNS_pf_hym_12Jul22,123.7,SLNS,07/12/22,pitfall,hymenoptera,ceraphronidae,7,family,intact,,,,
SLNS_pf_hym_12Jul22,123.8,SLNS,07/12/22,pitfall,hymenoptera,diapriidae,5,family,intact,,,,
SLNS_pf_hym_12Jul22,123.9,SLNS,07/12/22,pitfall,collembola,collembola,8,class,deteriorating,,,,
SLNS_pf_hym_12Jul23,123.10,SLNS,07/12/22,pitfall,hymenoptera,scelionidae,25,family,deteriorating,,,,
SLNS_pf_hym_12Jul24,123.11,SLNS,07/12/22,pitfall,hymenoptera,mymaridae,3,family,intact,,,,
SLNS_pf_hym_12Jul24,123.12,SLNS,07/12/22,pitfall,coleoptera,NA,2,order,deteriorating,,,,
SLNS_pf_hym_12Jul24,123.13,SLNS,07/12/22,pitfall,ixodida,NA,2,order,intact,,,,
SLNS_pf_hym_12Jul24,123.14,SLNS,07/12/22,pitfall,hymenoptera,megaspilidae,1,family,deteriorating,,,,
TSCS_sn_hym_11Aug22,137.4,TSCS,08/11/22,sweep net,hymenoptera,platygastridae,1,family,intact,,,,
TSCS_sn_hym_11Aug22,137.5,TSCS,08/11/22,sweep net,hymenoptera,eupelmidae,1,family,intact,,,,
TSCS_sn_hym_11Aug22,137.6,TSCS,08/11/22,sweep net,araneae,NA,1,order,intact,,,,
SLNS_bv_hym_26Jul22,255.1,SLNS,07/26/22,blue vane,hymenoptera,encyrtidae,3,family,intact,,,,
SLNS_bv_hym_26Jul22,255.2,SLNS,07/26/22,blue vane,hymenoptera,braconidae,1,family,intact,,,,"I do not think that there are braconidae in here, also there is more than one type of hymenoptra in this sample. "
TAD_bv_hym_12Aug22,256.1,TAD,08/12/22,blue vane,hymenoptera,formicidae,5,family,intact,,,,
TAD_bv_hym_12Aug22,256.2,TAD,08/12/22,blue vane,hymenoptera,halictidae,1,family,intact,,,,
TAD_bv_hym_12Aug22,256.3,TAD,08/12/22,blue vane,hymenoptera,encyrtidae,3,family,intact,,,,
TAD_bv_hym_12Aug22,256.4,TAD,08/12/22,blue vane,hymenoptera,pompilidae,1,family,intact,,,,
TAD_bv_hym_12Aug22,256.5,TAD,08/12/22,blue vane,hymenoptera,eupelmidae,1,family,intact,,,,
TAD_bv_hym_12Aug22,256.6,TAD,08/12/22,blue vane,hymenoptera,scelionidae,1,family,intact,,,,
NSCN_sn_hym_28Jul22,257.1,NSCN,07/28/22,sweep net,hymenoptera,ichneumonidae,1,family,intact,,,,
NSCN_sn_hym_28Jul22,257.2,NSCN,07/28/22,sweep net,hymenoptera,formicidae,2,family,intact,,,,
NSCN_sn_hym_28Jul22,257.3,NSCN,07/28/22,sweep net,hymenoptera,braconidae,2,family,intact,,,,
NSCN_sn_hym_28Jul22,257.4,NSCN,07/28/22,sweep net,hymenoptera,figitidae,1,family,intact,,,,
NSCN_sn_hym_28Jul22,257.5,NSCN,07/28/22,sweep net,hymenoptera,encyrtidae,1,family,intact,,,,
NSCN_sn_hym_28Jul22,257.6,NSCN,07/28/22,sweep net,hymenoptera,eulophidae,4,family,intact,,,,
NSCN_sn_hym_28Jul22,257.7,NSCN,07/28/22,sweep net,hymenoptera,scelionidae,1,family,intact,,,,
NSCN_sn_hym_28Jul22,257.8,NSCN,07/28/22,sweep net,hymenoptera,platygastridae,3,family,intact,,,,
NSCN_sn_hym_28Jul22,257.9,NSCN,07/28/22,sweep net,hymenoptera,pteromalidae,2,family,deteriorating,,,,
NSCN_sn_hym_28Jul22,257.10,NSCN,07/28/22,sweep net,hymenoptera,pompilidae,1,family,intact,,,,
NSCN_sn_hym_28Jul22,257.11,NSCN,07/28/22,sweep net,hymenoptera,ceraphronidae,1,family,intact,,,,
SELS_sn_hym_12Jul22,120.4,SELS,07/12/22,sweep net,hymenoptera,braconidae,3,family,intact,,,,
SELS_sn_hym_12Jul22,120.5,SELS,07/12/22,sweep net,NA,NA,1,NA,deteriorating,,,,
SELS_sn_hym_12Jul22,120.6,SELS,07/12/22,sweep net,diptera,NA,1,order,intact,,,,
SELS_sn_hym_12Jul22,120.7,SELS,07/12/22,sweep net,hymenoptera,formicidae,2,family,deteriorating,,,,
SELS_sn_hym_12Jul22,120.8,SELS,07/12/22,sweep net,hymenoptera,ceraphronidae,1,family,intact,,,,
SELS_sn_hym_12Jul22,120.9,SELS,07/12/22,sweep net,hymenoptera,eulophidae,3,family,intact,,,,
TY_bv_hym_31Aug22,258.1,TY,08/31/22,blue vane,hymenoptera,pompilidae,1,family,intact,,,,
TY_bv_hym_31Aug22,258.2,TY,08/31/22,blue vane,hymenoptera,encyrtidae,11,family,intact,,,,
TY_bv_hym_31Aug22,258.3,TY,08/31/22,blue vane,hymenoptera,scelionidae,1,family,intact,,,,
TY_sn_hym_2Aug22,259.1,TY,08/02/22,sweep net,hymenoptera,formicidae,3,family,intact,,,,
TY_sn_hym_2Aug22,259.2,TY,08/02/22,sweep net,hymenoptera,braconidae,4,family,deteriorating,,,,
TY_sn_hym_2Aug22,259.3,TY,08/02/22,sweep net,hymenoptera,ceraphronidae,1,family,intact,,,,
TY_sn_hym_2Aug22,259.4,TY,08/02/22,sweep net,hymenoptera,scelionidae,1,family,intact,,,,
TY_sn_hym_2Aug22,259.5,TY,08/02/22,sweep net,hymenoptera,platygastridae,1,family,deteriorating,,,,
TSCS_bv_hym_14Sep22,260.1,TSCS,09/14/22,blue vane,hymenoptera,vespidae,1,family,intact,,,,
TSCS_bv_hym_14Sep22,260.2,TSCS,09/14/22,blue vane,hymenoptera,pompilidae,1,family,intact,,,,
TSCS_bv_hym_14Sep22,260.3,TSCS,09/14/22,blue vane,hymenoptera,halictidae,8,family,intact,,,,
TSCS_bv_hym_14Sep22,260.4,TSCS,09/14/22,blue vane,hymenoptera,apidae,2,family,intact,,,,
TSCS_bv_hym_14Sep22,260.5,TSCS,09/14/22,blue vane,hymenoptera,encyrtidae,36,family,intact,,,,
TSCS_bv_hym_14Sep22,260.6,TSCS,09/14/22,blue vane,hymenoptera,ceraphronidae,1,family,intact,,,,
TSCS_bv_hym_14Sep22,260.7,TSCS,09/14/22,blue vane,hymenoptera,bethylidae,1,family,intact,,,,
TSCS_bv_hym_14Sep22,260.8,TSCS,09/14/22,blue vane,mesostigmata,NA,14,order,intact,,,,
TSCS_bv_hym_14Sep22,260.9,TSCS,09/14/22,blue vane,hemiptera,NA,1,order,intact,,,,
NSCS_sn_hym_13Jul22,101.3,NSCS,07/13/22,sweep net,hymenoptera,ichneumonidae,2,family,intact,,,,
NSCS_sn_hym_13Jul22,101.4,NSCS,07/13/22,sweep net,hymenoptera,diapriidae,4,family,intact,,,,
NSCS_sn_hym_13Jul22,101.5,NSCS,07/13/22,sweep net,hymenoptera,braconidae,4,family,intact,,,,
NSCS_sn_hym_13Jul22,101.6,NSCS,07/13/22,sweep net,hymenoptera,platygastridae,4,family,intact,,,,
NSCS_sn_hym_13Jul22,101.7,NSCS,07/13/22,sweep net,hymenoptera,figitidae,1,family,intact,,,,
NSCS_sn_hym_13Jul22,101.8,NSCS,07/13/22,sweep net,hymenoptera,eulophidae,2,family,intact,,,,
NSCS_sn_hym_13Jul22,101.9,NSCS,07/13/22,sweep net,hymenoptera,encyrtidae,1,family,deteriorating,,,,
NSCS_sn_hym_13Jul22,101.10,NSCS,07/13/22,sweep net,hymenoptera,ceraphronidae,2,family,intact,,,,
NSCS_sn_hym_13Jul22,101.11,NSCS,07/13/22,sweep net,hymenoptera,formicidae,1,family,deteriorating,,,,
NSCS_sn_hym_13Jul22,101.12,NSCS,07/13/22,sweep net,hymenoptera,scelionidae,1,family,intact,,,,
TSCS_bv_hym_27Jul22,261.1,TSCS,07/27/22,blue vane,hymenoptera,vespidae,4,family,intact,,,,
TSCS_bv_hym_27Jul22,261.2,TSCS,07/27/22,blue vane,hymenoptera,halictidae,9,family,intact,,,,
SLSC_bv_hym_8Sep22,262.1,SLSC,09/08/22,blue vane,hymenoptera,vespidae,28,family,intact,,,,
TSCS_bv_hym_27Jul22,261.3,TSCS,07/27/22,blue vane,hymenoptera,andrenidae,4,family,intact,,,,
SLSC_bv_hym_8Sep22,262.2,SLSC,09/08/22,blue vane,hymenoptera,formicidae,3,family,intact,,,,
SLSC_bv_hym_8Sep22,262.3,SLSC,09/08/22,blue vane,hymenoptera,pompilidae,1,family,intact,,,,
SLSC_bv_hym_8Sep22,262.4,SLSC,09/08/22,blue vane,hymenoptera,encyrtidae,32,family,intact,,,,
SLSC_bv_hym_8Sep22,262.5,SLSC,09/08/22,blue vane,diptera,NA,13,order,deteriorating,,,,
TAD_bv_hym_13Sep22,114.4,TAD,09/13/22,blue vane,diptera,NA,1,order,intact,,,,
TAD_bv_hym_13Sep22,114.5,TAD,09/13/22,blue vane,hymenoptera,encyrtidae,25,family,intact,,,,
TAD_bv_hym_13Sep22,114.6,TAD,09/13/22,blue vane,hemiptera,NA,1,order,deteriorating,,,,
TSCS_bv_hym_27Jul22,261.4,TSCS,07/27/22,blue vane,hymenoptera,chrysididae,1,family,intact,,,,
TSCS_bv_hym_27Jul22,261.5,TSCS,07/27/22,blue vane,NA,NA,1,NA,intact,,,,
TSSS_bv_hym_21Oct22,187.3,TSSS,10/21/22,blue vane,hymenoptera,halictidae,304,family,intact,,,,
TSSS_bv_hym_21Oct22,187.4,TSSS,10/21/22,blue vane,hymenoptera,formicidae,1,family,intact,,,,
TSSS_bv_hym_21Oct22,187.5,TSSS,10/21/22,blue vane,diptera,NA,1,order,intact,,,,
TSSS_bv_hym_21Oct22,187.6,TSSS,10/21/22,blue vane,hymenoptera,braconidae,2,family,intact,,,,
TSSS_bv_hym_21Oct22,187.7,TSSS,10/21/22,blue vane,hymenoptera,aphelinidae,1,family,intact,,,,
TSSS_bv_hym_21Oct22,187.8,TSSS,10/21/22,blue vane,hymenoptera,eupelmidae,1,family,deteriorating,,,,
TSSS_bv_hym_21Oct22,187.9,TSSS,10/21/22,blue vane,acari,NA,48,order,intact,,,,
NSCS_bv_hym_27Jul22,263.1,NSCS,07/27/22,blue vane,psocodea,NA,1,order,intact,,,,
NSCN_bv_hym_28_Jul22,264.1,NSCN,07/28/22,blue vane,hymenoptera,formicidae,1,family,intact,,,,
NSCN_bv_hym_28_Jul22,264.2,NSCN,07/28/22,blue vane,hymenoptera,halictidae,5,family,intact,,,,
NSCN_bv_hym_28_Jul22,264.3,NSCN,07/28/22,blue vane,diptera,NA,1,order,intact,,,,
NSCN_bv_hym_28_Jul22,264.4,NSCN,07/28/22,blue vane,thysanoptera,NA,1,order,intact,,,,
TSSS_bv_hym_2Aug22,265.1,TSSS,08/02/22,blue vane,hymenoptera,halictidae,1,family,intact,,,,
TSSS_bv_hym_2Aug22,265.2,TSSS,08/02/22,blue vane,hymenoptera,encyrtidae,3,family,intact,,,,
TAD_bv_hym_27Jul22,266.1,TAD,07/27/22,blue vane,hymenoptera,formicidae,1,family,intact,,,,
TAD_bv_hym_27Jul22,266.2,TAD,07/27/22,blue vane,hymenoptera,halictidae,3,family,intact,,,,
TAD_bv_hym_27Jul22,266.3,TAD,07/27/22,blue vane,hymenoptera,encyrtidae,1,family,intact,,,,
TAD_bv_hym_20Oct22,131.3,TAD,10/20/22,blue vane,hymenoptera,halictidae,1414,family,intact,,,,
TY_bv_hym_21Oct22,267.1,TY,10/21/22,blue vane,hymenoptera,halictidae,104,family,intact,,,,
NSCN_bv_hym_14Sep22,245.3,NSCN,09/14/22,blue vane,hymenoptera,encyrtidae,1,family,intact,,,,
TAD_bv_hym_20Oct22,131.4,TAD,10/20/22,blue vane,hymenoptera,vespidae,56,family,intact,,,,
TAD_bv_hym_20Oct22,131.5,TAD,10/20/22,blue vane,hymenoptera,apidae,24,family,intact,,,,
TAD_bv_hym_20Oct22,131.6,TAD,10/20/22,blue vane,hymenoptera,andrenidae,1,family,intact,,,,
TAD_bv_hym_20Oct22,131.7,TAD,10/20/22,blue vane,hymenoptera,ichneumonidae,1,family,intact,,,,
TAD_bv_hym_20Oct22,131.8,TAD,10/20/22,blue vane,diptera,NA,4,order,intact,,,,
TAD_bv_hym_20Oct22,131.9,TAD,10/20/22,blue vane,hymenoptera,pompilidae,2,family,intact,,,,
TAD_bv_hym_20Oct22,131.10,TAD,10/20/22,blue vane,hymenoptera,braconidae,1,family,intact,,,,
TAD_bv_hym_20Oct22,131.11,TAD,10/20/22,blue vane,hemiptera,NA,3,order,intact,,,,
TAD_bv_hym_20Oct22,131.12,TAD,10/20/22,blue vane,acari,NA,36,order,intact,,,,
TY_bv_hym_21Oct22,267.2,TY,10/21/22,blue vane,hymenoptera,vespidae,15,family,intact,,,,
TY_bv_hym_21Oct22,267.3,TY,10/21/22,blue vane,hymenoptera,apidae,5,family,intact,,,,
TY_bv_hym_21Oct22,267.4,TY,10/21/22,blue vane,hymenoptera,torymidae,1,family,intact,,,,
TY_bv_hym_21Oct22,267.5,TY,10/21/22,blue vane,acari,NA,17,family,intact,,,,
TSCS_bv_hym_20Oct22,268.1,TSCS,10/20/22,blue vane,hymenoptera,halictidae,525,family,intact,,,,
TSCS_bv_hym_20Oct22,268.2,TSCS,10/20/22,blue vane,hymenoptera,apidae,33,family,intact,,,,
TSCS_bv_hym_20Oct22,268.3,TSCS,10/20/22,blue vane,hymenoptera,vespidae,4,family,intact,,,,
TSCS_bv_hym_20Oct22,268.4,TSCS,10/20/22,blue vane,hymenoptera,figitidae,1,family,intact,,,,
TSCS_bv_hym_20Oct22,268.5,TSCS,10/20/22,blue vane,hymenoptera,encyrtidae,1,family,intact,,,,
TSCS_bv_hym_20Oct22,268.6,TSCS,10/20/22,blue vane,hymenoptera,eurytomidae,1,family,intact,,,,
TSCS_bv_hym_20Oct22,268.7,TSCS,10/20/22,blue vane,hymenoptera,torymidae,1,family,intact,,,,
TSCS_bv_hym_20Oct22,268.8,TSCS,10/20/22,blue vane,hymenoptera,andrenidae,1,family,intact,,,,
TSCS_bv_hym_20Oct22,268.9,TSCS,10/20/22,blue vane,acari,NA,34,family,intact,,,,
SELS_bv_hym_26Jul22,102.3,SELS,07/26/22,blue vane,hymenoptera,encyrtidae,2,family,deteriorating,,,,
SELS_sn_hym_12Jul22,120.10,SELS,07/12/22,sweep net,hymenoptera,platygastridae,6,family,intact,,,,
SELS_sn_hym_12Jul22,120.11,SELS,07/12/22,sweep net,hymenoptera,diapriidae,1,family,intact,,,,
SELS_sn_hym_12Jul22,120.12,SELS,07/12/22,sweep net,hymenoptera,mymaridae,1,family,intact,,,,
TAD_pf_hym_22Jul22,121.4,TAD,07/22/22,pitfall,hymenoptera,diapriidae,3,family,intact,,,,
TAD_pf_hym_22Jul22,121.5,TAD,07/22/22,pitfall,hymenoptera,ceraphronidae,4,family,intact,,,,
NSCN_sn_hym_20Oct22,124.2,NSCN,10/20/22,sweep net,hymenoptera,ceraphronidae,1,family,intact,,,,
NCTC_sn_hym_14Sep22,144.7,NCTC,09/14/22,sweep net,hymenoptera,mymaridae,1,family,intact,,,,
SLSC_bv_hym_26Jul22,150.6,SLSC,07/26/22,blue vane,hymenoptera,scelionidae,1,family,intact,,,,
SLSC_bv_hym_26Jul22,150.7,SLSC,07/26/22,blue vane,hymenoptera,aphelinidae,1,family,deteriorating,,,,
TAD_sn_hym_27Jul22,151.8,TAD,07/27/22,sweep net,hymenoptera,bethylidae,1,family,intact,,,,
TAD_sn_hym_27Jul22,151.9,TAD,07/27/22,sweep net,hymenoptera,scelionidae,2,family,intact,,,,
TAD_sn_hym_27Jul22,151.10,TAD,07/27/22,sweep net,hymenoptera,platygastridae,3,family,intact,,,,
NSCN_sn_hym_28Sep22,146.5,NSCN,09/28/22,sweep net,hymenoptera,platygastridae,1,family,intact,,,,
TSSS_sn_hym_15Jul22,152.10,TSSS,07/15/22,sweep net,hymenoptera,torymidae,3,family,deteriorating,,,,
TSSS_sn_hym_15Jul22,152.11,TSSS,07/15/22,sweep net,hymenoptera,eurytomidae,1,family,intact,,,,
TSSS_sn_hym_15Jul22,152.12,TSSS,07/15/22,sweep net,hymenoptera,eulophidae,1,family,deteriorating,,,,
TSSS_sn_hym_15Jul22,152.13,TSSS,07/15/22,sweep net,hymenoptera,scelionidae,1,family,intact,,,,
SLSC_bv_hym_29Sep22,154.5,SLSC,09/29/22,blue vane,hymenoptera,mymaridae,1,family,intact,,,,
TY_sn_hym_14Sep22,143.7,TY,09/14/22,sweep net,hymenoptera,scelionidae,1,family,intact,,,,
SLSC_sn_hym_26Jul22,166.8,SLSC,07/26/22,sweep net,hymenoptera,ceraphronidae,1,family,intact,,,,
NSCS_sn_hym_14Sep22,215.5,NSCS,09/14/22,sweep net,hymenoptera,platygastridae,1,family,intact,,,,
SLNS_sn_hym_25Aug22,218.10,SLNS,08/25/22,sweep net,hymenoptera,platygastridae,1,family,intact,,,,
SLNS_sn_hym_8Sep22,222.11,SLNS,09/08/22,sweep net,hymenoptera,platygastridae,1,family,intact,,,,
TAD_sn_hym_14Jul22,224.11,TAD,07/14/22,sweep net,hymenoptera,platygastridae,2,family,intact,,,,
SELS_sn_hym_12Jul22,120.3,SELS,07/12/22,sweep net,hymenoptera,ceraphronidae,1,family,intact,,,,
NSSN_bv_hym_12Aug22,135.3,NSSN,08/12/22,blue vane,hymenoptera,formicidae,1,family,intact,,,,
TSCS_bv_hym_27Jul22,261.6,TSCS,07/27/22,blue vane,hymenoptera,apidae,14,family,intact,,,,
TSSS_bv_hym_21Oct22,187.10,TSSS,10/21/22,blue vane,hymenoptera,andrenidae,1,family,intact,,,,
SAS_pf_hym_28Jul22,186.8,SAS,07/28/22,pitfall,hymenoptera,aphelinidae,3,family,deteriorating,,,,
TSCS_bv_hym_20Oct22,268.10,TSCS,10/20/22,blue vane,hymenoptera,platygastridae,1,family,intact,,,,
TSCS_pf_hym_13Jul22,153.4,TSCS,07/13/22,pitfall,hymenoptera,ceraphronoidae,3,family,deteriorating,,,,
